CREATE DATABASE  IF NOT EXISTS `happyday2` /*!40100 DEFAULT CHARACTER SET utf8mb4 COLLATE utf8mb4_0900_ai_ci */ /*!80016 DEFAULT ENCRYPTION='N' */;
USE `happyday2`;
-- MySQL dump 10.13  Distrib 8.0.36, for Win64 (x86_64)
--
-- Host: 127.0.0.1    Database: happyday2
-- ------------------------------------------------------
-- Server version	8.0.36

/*!40101 SET @OLD_CHARACTER_SET_CLIENT=@@CHARACTER_SET_CLIENT */;
/*!40101 SET @OLD_CHARACTER_SET_RESULTS=@@CHARACTER_SET_RESULTS */;
/*!40101 SET @OLD_COLLATION_CONNECTION=@@COLLATION_CONNECTION */;
/*!50503 SET NAMES utf8 */;
/*!40103 SET @OLD_TIME_ZONE=@@TIME_ZONE */;
/*!40103 SET TIME_ZONE='+00:00' */;
/*!40014 SET @OLD_UNIQUE_CHECKS=@@UNIQUE_CHECKS, UNIQUE_CHECKS=0 */;
/*!40014 SET @OLD_FOREIGN_KEY_CHECKS=@@FOREIGN_KEY_CHECKS, FOREIGN_KEY_CHECKS=0 */;
/*!40101 SET @OLD_SQL_MODE=@@SQL_MODE, SQL_MODE='NO_AUTO_VALUE_ON_ZERO' */;
/*!40111 SET @OLD_SQL_NOTES=@@SQL_NOTES, SQL_NOTES=0 */;

--
-- Table structure for table `tblacademia`
--

DROP TABLE IF EXISTS `tblacademia`;
/*!40101 SET @saved_cs_client     = @@character_set_client */;
/*!50503 SET character_set_client = utf8mb4 */;
CREATE TABLE `tblacademia` (
  `acaId` int NOT NULL AUTO_INCREMENT,
  `acaCnpj` varchar(18) DEFAULT NULL,
  `acaNome` varchar(50) NOT NULL,
  `acaDataCadastro` date DEFAULT NULL,
  `acaStatus` char(1) DEFAULT NULL,
  `acaCelular` varchar(15) NOT NULL,
  `acaCep` varchar(11) DEFAULT NULL,
  `acaCor` varchar(7) DEFAULT NULL,
  `acaTelefone` varchar(14) DEFAULT NULL,
  PRIMARY KEY (`acaId`)
) ENGINE=InnoDB AUTO_INCREMENT=2 DEFAULT CHARSET=utf8mb4 COLLATE=utf8mb4_0900_ai_ci;
/*!40101 SET character_set_client = @saved_cs_client */;

--
-- Dumping data for table `tblacademia`
--

LOCK TABLES `tblacademia` WRITE;
/*!40000 ALTER TABLE `tblacademia` DISABLE KEYS */;
INSERT INTO `tblacademia` VALUES (1,'35.742.648/0001-18','Happy Dayu','2024-05-05','1','(91) 02830-9128','12570100','#ff0000','8129-0318');
/*!40000 ALTER TABLE `tblacademia` ENABLE KEYS */;
UNLOCK TABLES;

--
-- Table structure for table `tblaparelhos`
--

DROP TABLE IF EXISTS `tblaparelhos`;
/*!40101 SET @saved_cs_client     = @@character_set_client */;
/*!50503 SET character_set_client = utf8mb4 */;
CREATE TABLE `tblaparelhos` (
  `apaId` int NOT NULL AUTO_INCREMENT,
  `apaNome` varchar(100) DEFAULT NULL,
  `apaDataEntrada` date DEFAULT NULL,
  `apaDataSaida` date DEFAULT NULL,
  `apaStatus` char(1) DEFAULT NULL,
  `apaIdAcad` int DEFAULT NULL,
  PRIMARY KEY (`apaId`),
  KEY `apaIdAcad` (`apaIdAcad`),
  CONSTRAINT `tblaparelhos_ibfk_1` FOREIGN KEY (`apaIdAcad`) REFERENCES `tblacademia` (`acaId`)
) ENGINE=InnoDB AUTO_INCREMENT=13 DEFAULT CHARSET=utf8mb4 COLLATE=utf8mb4_0900_ai_ci;
/*!40101 SET character_set_client = @saved_cs_client */;

--
-- Dumping data for table `tblaparelhos`
--

LOCK TABLES `tblaparelhos` WRITE;
/*!40000 ALTER TABLE `tblaparelhos` DISABLE KEYS */;
INSERT INTO `tblaparelhos` VALUES (1,'Nenhum','2024-05-05',NULL,'1',1),(2,'Escada','2024-05-05',NULL,'1',1),(3,'Máquina de Leg Press','2024-05-06',NULL,'1',1),(4,'Banco de Supino','2024-05-06',NULL,'1',1),(5,'Máquina de Pulldown','2024-05-06',NULL,'1',1),(6,'Barra de Pesos','2024-05-06',NULL,'1',1),(7,'Power Rack','2024-05-06',NULL,'1',1),(8,'Máquina de Polia Alta','2024-05-06',NULL,'1',1),(9,'Halteres','2024-05-06',NULL,'1',1),(10,'Máquina de Abdominal','2024-05-06',NULL,'1',1),(11,'Extensão de Pernas','2024-05-06',NULL,'1',1),(12,'Flexão de Pernas','2024-05-06',NULL,'1',1);
/*!40000 ALTER TABLE `tblaparelhos` ENABLE KEYS */;
UNLOCK TABLES;

--
-- Table structure for table `tblatendimento`
--

DROP TABLE IF EXISTS `tblatendimento`;
/*!40101 SET @saved_cs_client     = @@character_set_client */;
/*!50503 SET character_set_client = utf8mb4 */;
CREATE TABLE `tblatendimento` (
  `ateId` int NOT NULL AUTO_INCREMENT,
  `ateIdCliente` int DEFAULT NULL,
  `ateIdFuncionario` int DEFAULT NULL,
  `ateDateInicio` datetime DEFAULT NULL,
  `ateIdAcad` int NOT NULL,
  `ateStatus` char(1) DEFAULT NULL,
  `ateDateEncerramento` datetime DEFAULT NULL,
  PRIMARY KEY (`ateId`),
  KEY `ateIdFuncionario` (`ateIdFuncionario`),
  KEY `ateIdAcad` (`ateIdAcad`),
  KEY `ateIdCliente` (`ateIdCliente`),
  CONSTRAINT `tblatendimento_ibfk_1` FOREIGN KEY (`ateIdFuncionario`) REFERENCES `tblfuncionario` (`funId`),
  CONSTRAINT `tblatendimento_ibfk_2` FOREIGN KEY (`ateIdAcad`) REFERENCES `tblacademia` (`acaId`),
  CONSTRAINT `tblatendimento_ibfk_3` FOREIGN KEY (`ateIdCliente`) REFERENCES `tblcliente` (`cliId`)
) ENGINE=InnoDB AUTO_INCREMENT=833 DEFAULT CHARSET=utf8mb4 COLLATE=utf8mb4_0900_ai_ci;
/*!40101 SET character_set_client = @saved_cs_client */;

--
-- Dumping data for table `tblatendimento`
--

LOCK TABLES `tblatendimento` WRITE;
/*!40000 ALTER TABLE `tblatendimento` DISABLE KEYS */;
INSERT INTO `tblatendimento` VALUES (9,3,157,'2024-01-07 07:42:20',1,'0','2024-01-12 23:16:46'),(70,1,158,'2023-12-20 17:01:34',1,'0','2024-02-16 14:45:57'),(75,1,158,'2023-12-17 22:10:52',1,'0','2024-02-24 01:41:23'),(94,1,159,'2024-02-13 02:01:00',1,'0','2024-04-05 07:19:41'),(105,1,159,'2024-01-30 21:51:30',1,'0','2024-02-03 00:10:14'),(130,2,158,'2024-03-10 03:55:49',1,'0','2024-04-16 03:24:45'),(133,3,158,'2024-03-26 17:33:31',1,'0','2024-04-06 09:09:26'),(140,2,159,'2024-04-06 05:10:59',1,'0','2024-04-06 11:13:20'),(162,3,156,'2024-03-04 04:40:01',1,'0','2024-04-14 00:24:30'),(309,3,159,'2023-12-21 08:27:30',1,'0','2024-01-21 03:22:46'),(311,1,156,'2024-01-10 14:12:36',1,'0','2024-02-18 03:30:33'),(321,29,156,'2023-12-02 03:33:20',1,'0','2024-01-07 18:24:48'),(322,7,156,'2024-01-12 10:19:19',1,'0','2024-03-15 10:26:24'),(323,1,158,'2024-03-12 12:35:41',1,'0','2024-04-12 05:16:34'),(324,9,156,'2023-12-03 15:27:53',1,'0','2024-03-05 14:31:07'),(325,10,159,'2024-03-22 00:48:49',1,'0','2024-03-29 03:50:58'),(326,32,159,'2024-03-24 10:50:37',1,'0','2024-03-29 12:22:23'),(327,15,156,'2024-01-12 14:50:20',1,'0','2024-01-17 18:39:24'),(328,3,156,'2024-04-04 03:06:25',1,'0','2024-04-16 03:33:39'),(329,12,156,'2023-12-29 02:13:27',1,'0','2024-01-25 21:39:07'),(330,13,157,'2024-02-01 21:23:27',1,'0','2024-02-08 20:20:28'),(331,29,158,'2023-10-05 22:43:26',1,'0','2024-03-16 05:30:29'),(332,13,158,'2024-02-26 02:23:16',1,'0','2024-03-08 15:31:19'),(333,19,159,'2023-11-22 23:15:22',1,'0','2024-04-02 10:27:00'),(334,2,158,'2024-04-16 03:31:42',1,'0','2024-04-16 09:52:46'),(335,24,158,'2023-11-15 20:25:29',1,'0','2024-02-09 09:06:26'),(336,32,159,'2024-03-10 16:17:56',1,'0','2024-03-28 20:45:43'),(337,33,159,'2024-01-09 07:54:20',1,'0','2024-02-23 08:16:41'),(338,14,156,'2023-11-04 06:29:36',1,'0','2024-02-21 17:46:46'),(339,5,158,'2024-03-21 00:53:42',1,'0','2024-03-30 05:58:27'),(340,25,159,'2024-01-08 14:16:09',1,'0','2024-02-28 17:40:56'),(341,6,156,'2023-11-18 15:39:43',1,'0','2024-02-22 01:24:26'),(342,14,157,'2024-01-10 03:06:18',1,'0','2024-01-26 07:42:08'),(343,5,156,'2023-11-25 02:35:46',1,'0','2023-12-31 01:29:25'),(344,11,156,'2023-10-07 08:28:12',1,'0','2024-04-11 10:24:55'),(345,6,158,'2023-11-20 02:46:18',1,'0','2024-03-02 16:59:49'),(346,6,159,'2023-12-10 03:46:35',1,'0','2024-01-25 06:04:05'),(347,22,159,'2023-11-17 12:02:39',1,'0','2024-03-15 09:41:39'),(348,32,157,'2024-02-02 23:15:20',1,'0','2024-02-28 14:42:42'),(349,8,157,'2023-12-31 21:32:29',1,'0','2024-02-10 23:04:37'),(350,13,157,'2023-10-04 01:09:05',1,'0','2024-03-30 12:52:31'),(351,9,158,'2024-01-16 21:37:08',1,'0','2024-03-16 15:43:31'),(352,30,158,'2024-03-20 13:23:43',1,'0','2024-04-11 16:00:44'),(353,10,157,'2024-01-28 18:39:38',1,'0','2024-02-06 05:01:50'),(354,28,156,'2024-03-06 20:02:37',1,'0','2024-04-02 13:52:53'),(355,7,157,'2024-01-21 12:14:10',1,'0','2024-03-30 05:36:21'),(356,13,159,'2024-02-26 00:25:05',1,'0','2024-03-03 14:14:55'),(357,4,156,'2024-01-01 20:54:08',1,'0','2024-02-24 09:39:17'),(358,4,157,'2023-10-25 03:19:09',1,'0','2023-11-08 10:38:55'),(359,3,156,'2024-03-21 12:34:40',1,'0','2024-03-27 23:49:14'),(360,6,156,'2023-11-07 12:40:07',1,'0','2024-01-08 08:27:04'),(361,21,159,'2023-11-05 15:05:23',1,'0','2023-12-24 08:04:07'),(362,12,157,'2023-10-02 05:59:22',1,'0','2024-01-16 04:03:26'),(363,2,156,'2024-02-12 19:41:45',1,'0','2024-04-13 07:41:23'),(364,12,158,'2023-12-05 10:03:01',1,'0','2023-12-22 20:00:25'),(365,18,158,'2024-02-21 21:33:01',1,'0','2024-03-24 21:03:53'),(366,14,157,'2023-12-31 07:14:08',1,'0','2024-01-31 10:38:33'),(367,27,157,'2023-11-18 06:11:34',1,'0','2024-03-03 03:08:09'),(368,33,157,'2023-11-10 15:43:36',1,'0','2024-03-29 10:30:19'),(369,18,156,'2023-10-07 03:03:40',1,'0','2023-10-26 03:10:16'),(370,29,159,'2024-02-01 14:36:44',1,'0','2024-02-14 06:55:18'),(371,22,158,'2023-12-04 16:47:52',1,'0','2024-04-09 15:30:47'),(372,4,157,'2024-02-23 16:42:35',1,'0','2024-03-24 12:36:32'),(373,33,156,'2024-03-23 12:03:07',1,'0','2024-04-16 20:49:00'),(374,11,159,'2023-11-08 09:29:39',1,'0','2023-12-11 08:12:15'),(375,4,158,'2024-03-13 11:22:35',1,'0','2024-03-19 08:27:18'),(376,13,157,'2023-12-24 13:12:30',1,'0','2024-01-17 21:58:29'),(377,5,159,'2023-11-12 11:10:49',1,'0','2024-02-29 02:56:52'),(378,8,157,'2024-03-23 14:39:54',1,'0','2024-03-30 11:58:18'),(379,24,156,'2024-04-14 08:16:43',1,'0','2024-04-15 12:51:24'),(380,26,157,'2023-12-20 08:30:40',1,'0','2024-02-10 15:08:39'),(381,5,156,'2023-10-17 14:06:00',1,'0','2024-03-26 09:11:50'),(382,18,156,'2023-11-19 03:10:11',1,'0','2023-12-27 21:55:17'),(383,8,158,'2024-04-06 06:15:06',1,'0','2024-04-11 17:41:11'),(384,18,159,'2023-12-21 02:49:26',1,'0','2023-12-21 16:38:53'),(385,7,158,'2023-10-29 06:13:55',1,'0','2024-04-03 11:37:08'),(386,29,158,'2024-03-18 15:52:38',1,'0','2024-04-04 19:26:57'),(387,16,158,'2024-02-26 05:43:24',1,'0','2024-04-04 11:59:19'),(388,15,157,'2023-12-02 05:32:05',1,'0','2024-03-29 04:01:48'),(389,11,159,'2023-10-19 13:31:27',1,'0','2024-01-08 11:25:01'),(390,19,159,'2023-12-10 14:25:38',1,'0','2024-02-18 09:16:18'),(391,10,159,'2024-02-17 07:33:34',1,'0','2024-03-15 17:01:56'),(392,16,158,'2024-01-31 16:57:21',1,'0','2024-03-15 21:39:58'),(393,19,157,'2023-11-14 01:16:08',1,'0','2024-02-13 09:47:46'),(394,4,159,'2024-02-14 14:33:31',1,'0','2024-03-05 15:22:40'),(395,20,158,'2023-11-28 02:02:50',1,'0','2023-12-30 16:07:36'),(396,1,158,'2023-10-07 15:07:35',1,'0','2024-03-04 20:55:55'),(397,6,157,'2024-04-13 13:50:27',1,'0','2024-04-16 17:00:45'),(398,31,159,'2023-12-29 09:53:38',1,'0','2024-01-26 13:29:00'),(399,9,159,'2023-10-24 17:53:31',1,'0','2024-02-26 02:53:25'),(400,9,159,'2023-10-02 15:11:51',1,'0','2024-03-04 09:02:04'),(401,1,156,'2024-04-07 16:44:09',1,'0','2024-04-08 19:28:39'),(402,6,157,'2023-11-19 07:37:50',1,'0','2024-03-15 09:03:18'),(403,29,157,'2023-12-30 23:19:52',1,'0','2024-01-22 13:45:27'),(404,9,159,'2024-01-17 16:03:22',1,'0','2024-02-17 03:57:18'),(405,1,156,'2023-11-01 19:24:55',1,'0','2024-03-04 00:08:34'),(406,4,156,'2023-11-19 07:32:06',1,'0','2024-03-25 12:13:48'),(407,11,156,'2024-03-22 19:12:35',1,'0','2024-04-14 15:50:49'),(408,4,156,'2024-02-03 03:32:01',1,'0','2024-02-16 00:19:14'),(409,30,157,'2023-12-26 02:48:08',1,'0','2024-01-17 18:54:28'),(410,4,156,'2024-03-16 02:55:40',1,'0','2024-04-05 19:55:56'),(411,25,159,'2024-02-21 03:36:01',1,'0','2024-04-06 11:25:35'),(412,27,159,'2024-01-24 08:18:42',1,'0','2024-04-05 01:43:28'),(413,8,157,'2024-01-29 21:35:29',1,'0','2024-03-07 06:41:01'),(414,3,159,'2024-04-16 06:40:53',1,'0','2024-04-16 09:31:42'),(415,18,158,'2024-01-23 03:04:32',1,'0','2024-02-11 18:08:51'),(416,27,159,'2023-12-25 12:36:57',1,'0','2024-03-01 00:41:30'),(417,4,158,'2024-02-18 20:20:05',1,'0','2024-03-19 19:34:47'),(418,28,157,'2024-01-21 09:49:59',1,'0','2024-02-08 17:54:41'),(419,17,158,'2024-02-14 17:42:13',1,'0','2024-04-07 02:53:53'),(420,27,159,'2024-04-07 05:33:54',1,'0','2024-04-09 15:53:06'),(421,22,159,'2023-11-20 04:07:23',1,'0','2023-12-06 08:25:44'),(422,2,157,'2024-02-28 19:33:06',1,'0','2024-02-29 03:29:52'),(423,11,158,'2024-02-16 22:15:05',1,'0','2024-04-05 04:02:47'),(424,29,158,'2023-11-12 18:56:25',1,'0','2024-02-02 02:33:40'),(425,17,156,'2023-11-01 20:31:24',1,'0','2024-04-07 02:30:06'),(426,16,159,'2024-03-22 20:26:32',1,'0','2024-04-07 12:28:05'),(427,1,157,'2023-11-29 04:51:23',1,'0','2024-02-28 11:48:05'),(428,27,158,'2023-10-23 23:19:40',1,'0','2024-02-27 23:22:47'),(429,19,157,'2024-04-07 06:24:57',1,'0','2024-04-16 05:02:54'),(430,1,156,'2024-04-01 06:08:10',1,'0','2024-04-05 00:16:24'),(431,17,157,'2024-01-18 06:56:26',1,'0','2024-02-24 06:42:40'),(432,16,159,'2023-12-20 18:55:32',1,'0','2023-12-23 04:33:20'),(433,5,159,'2023-11-27 04:12:05',1,'0','2023-12-14 18:29:54'),(434,5,159,'2023-12-01 10:27:34',1,'0','2024-03-01 00:25:38'),(435,22,158,'2024-01-02 04:45:52',1,'0','2024-04-08 05:39:36'),(436,13,158,'2023-11-04 06:06:48',1,'0','2023-11-20 10:53:30'),(437,33,159,'2024-01-19 06:33:52',1,'0','2024-02-16 10:27:30'),(438,21,158,'2023-10-09 22:14:55',1,'0','2024-02-05 09:24:57'),(439,27,159,'2023-10-26 00:33:59',1,'0','2024-04-03 23:26:50'),(440,21,157,'2024-02-04 16:59:07',1,'0','2024-02-07 18:16:11'),(441,9,158,'2023-10-15 01:14:43',1,'0','2023-12-11 12:49:18'),(442,10,159,'2023-10-23 08:23:51',1,'0','2024-02-11 05:10:19'),(443,30,157,'2024-02-20 14:14:09',1,'0','2024-03-11 13:43:36'),(444,21,156,'2023-12-28 03:28:32',1,'0','2024-02-07 16:01:31'),(445,20,158,'2023-11-06 01:41:55',1,'0','2024-03-07 09:06:31'),(446,1,157,'2024-01-06 10:49:54',1,'0','2024-03-21 07:10:27'),(447,22,159,'2024-03-01 18:49:54',1,'0','2024-03-13 17:30:31'),(448,22,159,'2024-01-26 16:26:33',1,'0','2024-03-05 08:10:48'),(449,20,156,'2024-02-01 22:18:05',1,'0','2024-04-07 10:31:12'),(450,8,158,'2024-02-09 11:41:15',1,'0','2024-03-29 11:07:41'),(451,25,157,'2024-03-02 11:26:30',1,'0','2024-03-25 14:07:39'),(452,25,157,'2024-04-02 03:16:04',1,'0','2024-04-09 14:03:48'),(453,31,156,'2024-03-08 11:37:18',1,'0','2024-04-14 17:33:37'),(454,31,156,'2024-03-08 11:50:41',1,'0','2024-04-16 17:53:02'),(455,26,158,'2024-04-06 02:38:00',1,'0','2024-04-15 18:02:14'),(456,26,158,'2024-03-30 17:27:40',1,'0','2024-04-06 07:14:58'),(457,18,159,'2024-03-21 07:31:12',1,'0','2024-03-21 07:46:52'),(458,16,159,'2024-01-05 13:31:59',1,'0','2024-04-01 10:23:26'),(459,22,158,'2023-11-19 23:22:09',1,'0','2024-03-16 12:10:12'),(460,26,159,'2024-03-19 12:34:43',1,'0','2024-03-28 19:29:36'),(461,16,158,'2024-03-24 03:59:48',1,'0','2024-04-01 03:33:33'),(462,4,159,'2023-10-07 07:40:46',1,'0','2023-11-06 23:46:23'),(463,18,159,'2024-02-18 15:47:05',1,'0','2024-03-14 10:43:26'),(464,11,157,'2023-12-15 18:38:23',1,'0','2024-01-16 09:52:16'),(465,8,158,'2023-12-08 06:22:40',1,'0','2024-01-02 07:26:27'),(466,30,159,'2024-03-18 19:27:56',1,'0','2024-04-16 03:29:29'),(467,25,159,'2023-12-12 03:25:51',1,'0','2024-03-21 15:00:03'),(468,33,156,'2024-02-07 22:43:21',1,'0','2024-03-04 00:29:46'),(469,7,159,'2024-01-21 09:01:07',1,'0','2024-03-09 19:17:16'),(470,9,159,'2023-10-06 17:09:12',1,'0','2024-04-12 16:22:48'),(471,16,157,'2023-10-04 17:33:59',1,'0','2024-02-27 08:42:23'),(472,25,156,'2024-02-10 18:36:25',1,'0','2024-04-05 21:00:32'),(473,12,159,'2023-11-17 09:28:14',1,'0','2024-01-08 22:27:44'),(474,14,156,'2023-10-09 23:47:41',1,'0','2024-01-16 11:00:35'),(475,25,159,'2023-10-08 13:41:10',1,'0','2023-12-10 15:07:43'),(476,31,157,'2023-11-26 01:36:39',1,'0','2024-04-09 01:17:10'),(477,9,159,'2024-02-17 10:56:49',1,'0','2024-04-14 09:02:42'),(478,31,156,'2023-10-03 16:35:34',1,'0','2024-03-21 06:39:21'),(479,2,157,'2024-04-01 06:16:00',1,'0','2024-04-11 03:32:52'),(480,15,156,'2023-11-01 19:48:22',1,'0','2023-12-05 15:41:35'),(481,2,159,'2023-10-29 17:14:49',1,'0','2023-12-10 14:31:26'),(482,24,158,'2023-12-19 00:39:58',1,'0','2024-03-01 16:41:49'),(483,30,156,'2024-01-06 07:49:51',1,'0','2024-02-11 22:28:36'),(484,32,157,'2024-02-24 07:53:03',1,'0','2024-04-11 11:51:31'),(485,31,158,'2023-11-17 20:46:50',1,'0','2023-12-02 07:05:57'),(486,8,156,'2023-10-11 22:43:48',1,'0','2023-12-17 21:00:36'),(487,31,156,'2023-12-08 02:18:04',1,'0','2024-02-26 21:49:07'),(488,27,158,'2024-01-24 11:20:03',1,'0','2024-03-02 18:13:35'),(489,9,158,'2023-12-05 06:23:06',1,'0','2024-02-11 09:44:55'),(490,1,159,'2024-01-29 02:19:30',1,'0','2024-03-10 21:14:12'),(491,5,156,'2023-10-28 06:22:26',1,'0','2023-11-05 16:59:26'),(492,32,156,'2024-03-21 16:12:31',1,'0','2024-03-24 19:22:10'),(493,33,158,'2024-01-24 00:05:33',1,'0','2024-02-22 21:20:30'),(494,6,157,'2024-03-08 15:14:15',1,'0','2024-03-14 02:09:07'),(495,7,158,'2024-03-13 04:47:37',1,'0','2024-03-23 19:25:15'),(496,21,157,'2024-01-28 02:55:50',1,'0','2024-02-17 21:54:07'),(497,10,159,'2024-02-19 04:04:01',1,'0','2024-03-28 02:11:41'),(498,7,156,'2024-01-09 23:39:34',1,'0','2024-03-28 12:26:12'),(499,6,159,'2023-12-29 21:23:05',1,'0','2024-02-28 17:22:41'),(500,21,159,'2024-02-17 23:49:13',1,'0','2024-03-24 01:48:31'),(501,31,159,'2023-12-13 10:54:57',1,'0','2023-12-31 23:10:37'),(502,12,159,'2024-04-06 00:05:16',1,'0','2024-04-10 20:10:26'),(503,30,158,'2023-11-09 20:09:51',1,'0','2024-02-10 15:07:19'),(504,33,156,'2024-02-04 00:52:23',1,'0','2024-04-08 22:45:34'),(505,21,156,'2024-03-06 20:22:13',1,'0','2024-03-14 21:38:20'),(506,7,159,'2023-10-15 06:42:53',1,'0','2023-12-27 16:01:55'),(507,22,157,'2024-04-03 21:48:22',1,'0','2024-04-04 13:58:25'),(508,3,157,'2024-02-13 11:14:06',1,'0','2024-02-20 19:25:53'),(509,23,157,'2024-02-11 16:04:10',1,'0','2024-03-21 01:48:59'),(510,31,159,'2023-10-04 03:56:59',1,'0','2024-01-21 16:44:28'),(511,9,156,'2024-01-22 04:54:09',1,'0','2024-04-01 15:53:20'),(512,27,157,'2023-12-14 00:24:25',1,'0','2024-01-17 19:35:15'),(513,22,156,'2024-01-24 07:44:05',1,'0','2024-04-07 10:49:13'),(514,5,159,'2023-10-04 05:19:30',1,'0','2024-02-17 22:44:38'),(515,28,157,'2023-11-13 03:57:28',1,'0','2024-02-25 17:34:01'),(516,20,156,'2024-02-15 06:05:11',1,'0','2024-03-29 18:50:25'),(517,12,159,'2024-01-29 21:49:03',1,'0','2024-02-25 09:13:29'),(518,6,159,'2023-11-13 22:49:29',1,'0','2024-01-14 00:57:04'),(519,26,157,'2023-11-06 08:09:55',1,'0','2024-03-15 19:08:28'),(520,4,159,'2023-11-28 20:10:19',1,'0','2023-11-29 16:33:41'),(521,25,158,'2024-03-11 15:55:00',1,'0','2024-04-07 07:17:34'),(522,20,157,'2024-04-11 11:45:32',1,'0','2024-04-14 21:56:04'),(523,22,157,'2023-11-09 12:35:51',1,'0','2023-11-13 03:56:59'),(524,31,159,'2024-01-11 02:56:38',1,'0','2024-02-12 01:55:32'),(525,22,156,'2023-11-23 19:43:54',1,'0','2024-02-10 05:17:13'),(526,3,157,'2023-10-13 02:34:44',1,'0','2023-12-21 16:08:32'),(527,21,158,'2024-01-05 10:23:20',1,'0','2024-04-14 22:58:56'),(528,5,158,'2023-10-25 23:46:54',1,'0','2023-12-01 14:42:55'),(529,28,157,'2023-10-06 12:48:06',1,'0','2023-11-01 15:12:54'),(530,10,158,'2024-03-05 03:33:27',1,'0','2024-03-20 12:58:39'),(531,32,157,'2023-10-21 21:45:40',1,'0','2024-01-02 11:06:23'),(532,31,157,'2024-03-01 10:40:36',1,'0','2024-03-27 13:31:25'),(533,29,157,'2023-10-15 16:50:54',1,'0','2023-10-23 08:14:21'),(534,5,157,'2023-11-03 08:33:49',1,'0','2024-03-01 00:23:02'),(535,27,156,'2023-10-25 06:31:12',1,'0','2023-12-30 21:32:30'),(536,29,158,'2023-11-26 09:48:46',1,'0','2023-12-09 00:04:12'),(537,33,156,'2023-10-13 22:31:17',1,'0','2023-11-22 20:58:13'),(538,13,157,'2023-11-09 19:37:41',1,'0','2024-02-22 08:49:50'),(539,26,158,'2023-11-09 01:44:34',1,'0','2024-03-04 04:52:41'),(540,20,156,'2023-11-30 06:03:47',1,'0','2023-12-22 21:47:57'),(541,30,157,'2023-12-26 01:59:39',1,'0','2024-02-23 06:55:26'),(542,8,157,'2023-10-29 06:10:54',1,'0','2023-11-15 04:41:21'),(543,25,156,'2024-03-02 18:11:17',1,'0','2024-03-06 13:54:57'),(544,28,157,'2023-12-10 15:25:56',1,'0','2024-01-07 15:59:47'),(545,15,156,'2024-01-19 00:03:49',1,'0','2024-02-25 14:13:30'),(546,15,159,'2023-10-24 17:40:06',1,'0','2023-11-09 18:01:42'),(547,12,158,'2024-01-28 04:30:56',1,'0','2024-03-18 17:56:12'),(548,19,159,'2023-10-12 01:56:18',1,'0','2024-02-22 05:34:19'),(549,9,158,'2024-01-05 04:37:47',1,'0','2024-01-22 18:18:12'),(550,17,159,'2023-11-20 20:14:22',1,'0','2023-12-14 08:38:38'),(551,22,156,'2023-12-26 05:06:43',1,'0','2024-03-13 12:27:25'),(552,31,157,'2023-12-06 14:15:48',1,'0','2024-01-30 15:44:37'),(553,2,156,'2024-04-10 09:22:45',1,'0','2024-04-16 13:45:45'),(554,6,158,'2024-01-12 04:58:44',1,'0','2024-02-24 06:02:25'),(555,27,157,'2024-02-03 00:26:33',1,'0','2024-02-08 21:15:14'),(556,18,158,'2023-12-16 13:17:12',1,'0','2023-12-26 00:04:08'),(557,22,159,'2024-02-29 19:40:26',1,'0','2024-03-16 12:11:47'),(558,13,159,'2023-10-02 04:40:29',1,'0','2023-10-12 02:12:59'),(559,17,159,'2024-01-05 10:47:21',1,'0','2024-04-03 11:54:06'),(560,12,157,'2023-10-29 02:56:10',1,'0','2023-12-05 03:18:00'),(561,6,158,'2023-10-02 02:34:10',1,'0','2023-11-26 15:04:31'),(562,25,156,'2023-10-01 15:18:19',1,'0','2023-11-29 07:16:34'),(563,17,158,'2024-02-17 13:36:47',1,'0','2024-02-27 11:38:26'),(564,24,156,'2024-02-19 19:45:31',1,'0','2024-03-08 17:11:02'),(565,32,157,'2023-11-13 18:02:18',1,'0','2024-04-04 14:31:06'),(566,23,159,'2023-12-26 20:13:21',1,'0','2024-03-26 19:59:56'),(567,23,158,'2024-02-25 17:33:25',1,'0','2024-03-07 09:03:16'),(568,13,157,'2024-02-03 06:31:56',1,'0','2024-03-04 05:28:15'),(569,16,159,'2024-03-30 06:26:22',1,'0','2024-04-08 11:59:30'),(570,27,159,'2023-12-30 18:53:36',1,'0','2024-02-25 11:45:44'),(571,29,157,'2024-02-17 17:25:17',1,'0','2024-03-03 03:11:40'),(572,21,159,'2023-10-03 20:40:20',1,'0','2024-04-07 12:28:05'),(573,32,158,'2024-01-23 04:28:50',1,'0','2024-02-08 22:02:38'),(574,8,158,'2023-11-06 21:56:23',1,'0','2023-12-25 06:08:44'),(575,24,157,'2024-03-21 07:13:24',1,'0','2024-04-13 00:13:08'),(576,2,159,'2023-12-25 07:44:19',1,'0','2024-02-24 08:19:58'),(577,25,156,'2023-10-04 21:57:40',1,'0','2024-01-28 18:07:50'),(578,19,158,'2023-12-08 13:52:50',1,'0','2024-02-29 11:38:27'),(579,17,158,'2024-01-17 03:16:38',1,'0','2024-02-05 23:40:15'),(580,21,156,'2023-10-23 03:21:47',1,'0','2024-04-09 05:40:33'),(581,4,159,'2024-02-04 05:15:11',1,'0','2024-03-17 14:52:02'),(582,33,156,'2024-02-01 01:40:30',1,'0','2024-03-07 15:09:27'),(583,29,157,'2024-01-08 00:51:25',1,'0','2024-02-25 18:00:45'),(584,23,158,'2024-02-18 12:37:33',1,'0','2024-02-25 08:04:08'),(585,21,158,'2024-03-19 07:08:26',1,'0','2024-03-19 22:07:04'),(586,13,158,'2023-11-02 06:24:49',1,'0','2023-11-21 04:39:37'),(587,11,158,'2023-11-03 18:15:43',1,'0','2023-12-26 05:52:19'),(588,22,156,'2024-01-11 19:16:45',1,'0','2024-01-17 13:26:12'),(589,9,156,'2024-02-24 16:03:43',1,'0','2024-03-08 19:06:45'),(590,4,157,'2023-11-25 00:06:09',1,'0','2024-01-19 22:33:59'),(591,13,156,'2023-11-29 17:01:36',1,'0','2024-03-16 17:29:20'),(592,26,158,'2024-03-13 02:34:22',1,'0','2024-03-31 01:11:19'),(593,3,158,'2023-11-22 20:59:13',1,'0','2023-12-25 05:04:04'),(594,29,159,'2023-10-16 09:22:11',1,'0','2024-04-04 06:17:43'),(595,8,159,'2024-03-12 18:58:29',1,'0','2024-03-26 17:21:22'),(596,6,158,'2023-12-03 14:14:18',1,'0','2024-03-03 05:22:50'),(597,25,157,'2023-11-17 00:55:00',1,'0','2024-03-17 19:04:56'),(598,26,158,'2023-10-03 06:48:06',1,'0','2024-02-08 05:29:47'),(599,3,156,'2023-11-17 04:31:44',1,'0','2023-12-24 08:40:18'),(600,28,157,'2023-10-02 04:52:36',1,'0','2023-10-22 05:28:35'),(601,12,156,'2024-01-12 11:59:57',1,'0','2024-03-14 21:49:25'),(602,21,158,'2023-11-25 17:54:21',1,'0','2023-12-01 07:41:37'),(603,8,157,'2023-12-28 22:28:59',1,'0','2024-01-10 03:27:16'),(604,9,159,'2024-01-03 01:38:17',1,'0','2024-03-06 15:33:15'),(605,8,156,'2024-01-14 08:47:18',1,'0','2024-01-21 12:06:51'),(606,25,158,'2023-11-21 03:06:08',1,'0','2024-02-02 18:04:06'),(607,16,159,'2024-02-22 22:24:26',1,'0','2024-03-25 02:39:38'),(608,23,158,'2024-04-10 20:52:43',1,'0','2024-04-16 00:20:38'),(609,33,159,'2024-03-16 14:00:41',1,'0','2024-04-11 06:50:35'),(610,4,156,'2023-10-18 04:40:32',1,'0','2023-11-07 19:27:01'),(611,9,157,'2024-01-27 02:33:30',1,'0','2024-03-01 19:32:07'),(612,9,156,'2024-02-25 20:34:14',1,'0','2024-04-06 10:10:03'),(613,18,159,'2023-12-24 19:54:04',1,'0','2024-03-09 04:32:19'),(614,31,156,'2024-02-13 17:30:22',1,'0','2024-04-05 14:33:10'),(615,20,159,'2024-04-03 09:51:28',1,'0','2024-04-13 19:00:51'),(616,9,156,'2024-03-12 13:27:10',1,'0','2024-04-13 09:15:36'),(617,21,158,'2024-02-05 00:09:34',1,'0','2024-02-17 09:36:42'),(618,32,159,'2023-11-02 20:18:38',1,'0','2024-01-25 08:21:44'),(619,10,156,'2024-01-23 12:31:26',1,'0','2024-02-06 10:17:21'),(620,27,159,'2023-12-04 22:55:21',1,'0','2024-02-15 05:33:26'),(621,29,157,'2023-12-26 15:21:15',1,'0','2024-02-24 15:30:20'),(622,14,159,'2023-12-11 09:39:15',1,'0','2024-04-02 01:45:52'),(623,16,159,'2024-04-01 08:05:28',1,'0','2024-04-14 19:10:25'),(624,33,156,'2024-02-24 15:58:56',1,'0','2024-02-27 11:35:41'),(625,19,159,'2023-12-14 19:00:58',1,'0','2024-04-13 14:28:05'),(626,20,157,'2023-12-05 19:51:47',1,'0','2023-12-21 02:20:25'),(627,33,157,'2023-12-16 06:13:20',1,'0','2024-01-16 01:51:09'),(628,19,158,'2023-11-01 03:59:19',1,'0','2024-02-13 21:41:23'),(629,26,158,'2024-03-22 12:54:55',1,'0','2024-04-13 14:28:05'),(630,15,159,'2024-03-18 16:37:23',1,'0','2024-03-24 16:26:08'),(631,22,157,'2024-03-29 19:41:25',1,'0','2024-04-02 11:14:33'),(632,7,156,'2024-02-03 20:39:59',1,'0','2024-04-15 10:30:19'),(633,16,159,'2024-01-28 23:55:14',1,'0','2024-03-04 11:56:26'),(634,6,158,'2023-11-09 08:42:37',1,'0','2024-01-19 20:52:19'),(635,29,157,'2024-03-21 22:17:09',1,'0','2024-03-22 05:23:34'),(636,1,156,'2023-12-19 04:09:08',1,'0','2024-01-29 22:19:02'),(637,2,159,'2023-10-23 13:32:36',1,'0','2023-12-25 07:28:02'),(638,8,156,'2024-01-29 02:57:25',1,'0','2024-01-30 15:55:56'),(639,24,157,'2023-12-22 02:09:43',1,'0','2024-02-24 13:00:04'),(640,8,159,'2024-01-01 03:41:09',1,'0','2024-04-16 11:06:36'),(641,20,159,'2024-02-04 15:17:14',1,'0','2024-02-18 19:18:45'),(642,7,157,'2024-03-30 18:46:04',1,'0','2024-04-03 19:55:41'),(643,1,158,'2024-02-10 17:38:45',1,'0','2024-04-08 15:30:58'),(644,13,158,'2024-01-07 12:51:06',1,'0','2024-02-05 14:21:11'),(645,33,158,'2024-03-10 23:21:06',1,'0','2024-03-16 14:35:34'),(646,17,159,'2024-03-26 15:22:01',1,'0','2024-03-29 02:10:20'),(647,20,159,'2024-03-02 09:29:04',1,'0','2024-04-04 12:28:45'),(648,15,156,'2024-01-18 18:09:50',1,'0','2024-02-10 04:56:54'),(649,10,156,'2024-02-03 19:29:48',1,'0','2024-02-20 22:42:16'),(650,11,156,'2023-10-29 18:24:31',1,'0','2024-02-12 23:35:48'),(651,27,158,'2023-10-01 01:40:12',1,'0','2024-03-12 18:39:06'),(652,26,157,'2024-02-21 09:34:59',1,'0','2024-03-25 17:31:11'),(653,3,156,'2024-02-04 08:44:12',1,'0','2024-02-11 15:23:58'),(654,21,159,'2024-03-08 11:52:09',1,'0','2024-03-09 22:55:51'),(655,8,159,'2024-01-29 15:02:46',1,'0','2024-03-11 16:37:10'),(656,23,156,'2023-10-30 11:15:32',1,'0','2024-02-05 18:23:48'),(657,16,159,'2024-03-15 22:44:32',1,'0','2024-03-31 20:25:33'),(658,9,156,'2023-10-02 17:24:54',1,'0','2023-10-19 02:45:41'),(659,8,159,'2023-12-30 05:46:12',1,'0','2024-02-02 17:29:33'),(660,13,157,'2024-03-03 15:53:42',1,'0','2024-04-10 02:02:20'),(661,28,159,'2023-12-27 03:47:40',1,'0','2024-03-16 03:05:42'),(662,1,158,'2024-02-23 00:31:13',1,'0','2024-02-29 12:12:53'),(663,5,158,'2023-10-26 01:05:14',1,'0','2024-03-25 13:21:49'),(664,33,157,'2023-12-22 18:14:12',1,'0','2024-03-15 18:45:46'),(665,20,158,'2023-11-26 11:03:23',1,'0','2024-04-10 06:30:03'),(666,22,159,'2024-04-15 20:51:06',1,'0','2024-04-16 22:48:07'),(667,33,157,'2023-12-21 21:27:13',1,'0','2024-04-08 17:06:10'),(668,32,156,'2024-04-03 09:05:04',1,'0','2024-04-13 04:22:54'),(669,29,157,'2024-01-09 03:13:08',1,'0','2024-02-26 08:07:12'),(670,12,158,'2023-12-14 22:22:45',1,'0','2024-04-13 21:15:59'),(671,22,158,'2024-03-06 05:20:25',1,'0','2024-03-07 23:22:51'),(672,12,156,'2023-12-05 13:41:01',1,'0','2024-01-19 04:35:24'),(673,20,159,'2024-01-04 21:32:31',1,'0','2024-03-04 02:19:14'),(674,15,159,'2024-02-10 15:25:12',1,'0','2024-03-05 19:24:04'),(675,33,157,'2024-04-02 23:27:21',1,'0','2024-04-05 21:02:45'),(676,3,158,'2024-01-07 19:46:51',1,'0','2024-02-04 00:52:23'),(677,19,158,'2024-03-25 08:06:20',1,'0','2024-03-30 06:46:46'),(678,10,157,'2023-10-05 13:12:55',1,'0','2023-10-27 02:25:17'),(679,30,159,'2024-03-05 09:05:04',1,'0','2024-03-07 21:01:21'),(680,24,158,'2023-10-15 01:17:10',1,'0','2024-03-26 13:04:00'),(681,19,159,'2024-03-07 22:12:44',1,'0','2024-03-27 21:03:41'),(682,27,156,'2024-01-07 09:57:49',1,'0','2024-04-15 19:26:55'),(683,11,159,'2024-02-24 06:39:52',1,'0','2024-03-02 04:29:42'),(684,29,157,'2023-11-10 19:56:14',1,'0','2024-02-20 04:14:09'),(685,3,158,'2023-10-30 12:55:41',1,'0','2024-02-04 06:18:01'),(686,16,157,'2024-01-22 06:44:00',1,'0','2024-03-03 16:47:53'),(687,14,157,'2023-10-03 20:12:31',1,'0','2024-02-16 17:42:23'),(688,30,158,'2023-12-01 02:55:07',1,'0','2024-02-26 09:20:26'),(689,4,158,'2024-01-12 04:51:30',1,'0','2024-03-31 13:19:39'),(690,13,159,'2023-12-24 12:08:36',1,'0','2024-02-21 12:30:26'),(691,22,157,'2024-02-04 03:03:21',1,'0','2024-02-06 08:12:20'),(692,22,157,'2023-11-21 18:42:56',1,'0','2024-03-21 23:11:55'),(693,25,158,'2023-11-15 19:22:41',1,'0','2024-01-24 15:39:11'),(694,3,157,'2023-10-14 13:33:40',1,'0','2023-11-26 03:27:51'),(695,23,156,'2023-12-06 07:34:19',1,'0','2024-03-20 03:56:55'),(696,29,158,'2024-02-18 02:19:33',1,'0','2024-04-13 03:47:07'),(697,3,158,'2024-01-28 18:57:39',1,'0','2024-03-06 10:40:49'),(698,1,159,'2024-02-01 02:03:52',1,'0','2024-02-07 17:31:38'),(699,17,159,'2024-01-02 20:15:17',1,'0','2024-02-14 23:38:46'),(700,23,156,'2024-03-20 12:02:48',1,'0','2024-04-11 08:02:50'),(701,11,158,'2024-03-18 15:52:39',1,'0','2024-03-28 16:53:57'),(702,6,159,'2024-03-11 16:09:06',1,'0','2024-03-25 10:51:03'),(703,32,159,'2024-04-01 12:43:49',1,'0','2024-04-09 23:05:46'),(704,13,156,'2024-03-13 23:43:59',1,'0','2024-03-18 10:27:52'),(705,1,156,'2023-11-22 20:51:05',1,'0','2024-03-16 23:44:35'),(706,25,159,'2023-12-21 07:20:33',1,'0','2023-12-29 06:48:52'),(707,25,157,'2023-10-23 07:15:32',1,'0','2024-03-10 01:33:07'),(708,6,158,'2024-01-31 08:26:22',1,'0','2024-03-22 17:24:14'),(709,25,158,'2024-02-26 19:59:12',1,'0','2024-04-15 05:51:55'),(710,24,157,'2023-11-06 06:09:08',1,'0','2024-01-04 01:54:11'),(711,24,157,'2023-11-04 09:39:46',1,'0','2024-04-03 00:48:27'),(712,23,158,'2024-04-09 15:32:43',1,'0','2024-04-13 02:20:03'),(713,3,158,'2024-02-09 12:54:37',1,'0','2024-02-25 05:18:49'),(714,15,156,'2023-12-15 22:05:37',1,'0','2023-12-30 17:00:14'),(715,3,159,'2023-10-25 08:33:35',1,'0','2024-02-14 16:49:29'),(716,10,156,'2023-10-13 10:37:55',1,'0','2023-10-15 12:33:58'),(717,7,159,'2023-12-11 08:49:26',1,'0','2024-01-25 06:17:16'),(718,25,157,'2024-03-23 09:48:17',1,'0','2024-04-03 13:38:07'),(719,14,156,'2024-03-13 08:24:20',1,'0','2024-04-15 00:10:25'),(720,17,157,'2024-01-29 01:54:19',1,'0','2024-04-07 00:50:20'),(721,19,159,'2024-03-02 15:44:17',1,'0','2024-03-04 07:44:10'),(722,29,156,'2024-02-24 17:36:46',1,'0','2024-03-22 15:33:21'),(723,13,157,'2023-10-27 15:09:16',1,'0','2024-02-22 18:16:18'),(724,28,159,'2023-11-05 06:46:32',1,'0','2024-02-23 14:14:58'),(725,16,157,'2024-03-01 03:43:02',1,'0','2024-03-22 16:42:54'),(726,5,158,'2023-12-02 00:34:56',1,'0','2024-03-07 08:27:08'),(727,30,156,'2023-11-12 05:22:56',1,'0','2023-11-23 05:06:37'),(728,24,159,'2024-01-25 00:07:00',1,'0','2024-04-07 13:16:25'),(729,12,157,'2024-02-29 23:25:42',1,'0','2024-03-22 11:47:19'),(730,2,159,'2024-01-05 00:09:46',1,'0','2024-04-10 15:53:21'),(731,33,157,'2024-01-01 09:10:06',1,'0','2024-02-01 21:40:57'),(732,9,159,'2023-12-16 02:34:00',1,'0','2024-04-11 09:00:55'),(733,7,157,'2024-02-06 11:08:26',1,'0','2024-04-02 15:51:29'),(734,10,159,'2023-12-30 10:27:40',1,'0','2024-02-16 08:32:56'),(735,11,156,'2024-03-18 18:02:26',1,'0','2024-03-22 18:38:56'),(736,12,158,'2023-11-03 11:34:56',1,'0','2024-01-11 07:35:31'),(737,27,159,'2024-02-05 07:32:39',1,'0','2024-03-18 16:28:47'),(738,3,157,'2023-10-20 13:58:46',1,'0','2023-11-22 21:58:56'),(739,11,158,'2023-11-06 21:02:58',1,'0','2024-04-06 20:48:20'),(740,17,158,'2024-03-27 21:38:01',1,'0','2024-04-08 19:25:34'),(741,18,156,'2023-10-11 15:04:25',1,'0','2023-11-17 09:35:05'),(742,25,158,'2024-02-15 23:05:32',1,'0','2024-02-22 15:01:10'),(743,10,156,'2023-12-14 05:40:37',1,'0','2024-02-01 05:18:59'),(744,4,158,'2023-12-09 00:23:37',1,'0','2024-03-20 07:05:35'),(745,15,156,'2024-01-15 01:03:37',1,'0','2024-03-14 08:15:15'),(746,9,158,'2023-10-05 15:44:56',1,'0','2024-02-27 12:44:38'),(747,21,158,'2024-04-01 08:25:59',1,'0','2024-04-11 03:14:50'),(748,8,156,'2024-02-10 21:33:22',1,'0','2024-04-12 06:29:08'),(749,30,159,'2024-02-27 03:29:51',1,'0','2024-04-05 18:55:57'),(750,2,156,'2023-12-16 00:24:56',1,'0','2024-04-14 15:49:15'),(751,7,159,'2023-12-27 20:31:58',1,'0','2024-01-04 18:20:50'),(752,23,157,'2024-02-19 21:34:20',1,'0','2024-03-23 09:51:55'),(753,18,158,'2023-12-23 00:34:57',1,'0','2024-03-03 17:34:55'),(754,1,156,'2024-02-17 18:34:44',1,'0','2024-03-24 17:29:25'),(755,9,158,'2024-01-29 17:18:13',1,'0','2024-03-19 13:15:08'),(756,27,156,'2024-02-26 13:08:07',1,'0','2024-04-08 18:55:52'),(757,21,156,'2024-02-18 00:25:29',1,'0','2024-03-05 23:32:21'),(758,1,156,'2024-02-01 03:39:31',1,'0','2024-03-26 12:25:34'),(759,33,159,'2023-11-15 14:24:23',1,'0','2023-12-22 15:29:16'),(760,28,156,'2024-02-09 19:42:24',1,'0','2024-02-29 14:02:19'),(761,29,159,'2023-11-03 20:39:08',1,'0','2023-11-26 12:21:48'),(762,31,156,'2024-03-08 10:13:16',1,'0','2024-03-20 21:30:21'),(763,27,158,'2023-10-10 16:40:20',1,'0','2023-10-26 05:11:14'),(764,17,159,'2024-02-14 13:08:50',1,'0','2024-03-22 13:47:19'),(765,26,156,'2023-11-30 07:48:54',1,'0','2024-04-09 14:03:38'),(766,6,157,'2023-10-07 06:50:51',1,'0','2024-04-04 17:35:14'),(767,4,156,'2023-11-17 18:32:06',1,'0','2024-02-14 02:21:27'),(768,5,156,'2023-11-04 18:13:59',1,'0','2024-02-29 21:47:42'),(769,27,158,'2023-10-02 12:49:13',1,'0','2023-12-24 15:32:59'),(770,8,158,'2024-04-16 16:05:03',1,'0','2024-04-16 21:07:44'),(771,21,156,'2024-01-21 05:21:23',1,'0','2024-02-10 01:58:36'),(772,12,158,'2024-03-30 18:24:59',1,'0','2024-04-04 00:18:25'),(773,1,157,'2023-11-09 15:04:54',1,'0','2024-01-11 12:05:08'),(774,18,158,'2023-10-31 11:03:37',1,'0','2024-04-13 01:59:35'),(775,17,159,'2024-03-05 10:36:32',1,'0','2024-04-05 19:38:56'),(776,26,158,'2024-04-06 23:32:31',1,'0','2024-04-10 20:11:35'),(777,2,158,'2024-03-11 13:39:28',1,'0','2024-03-16 04:27:27'),(778,13,156,'2024-04-06 01:07:39',1,'0','2024-04-07 06:19:24'),(779,2,158,'2023-12-09 11:48:10',1,'0','2024-02-29 21:45:10'),(780,27,157,'2023-12-03 15:08:24',1,'0','2024-01-22 18:24:10'),(781,24,158,'2024-01-13 12:04:07',1,'0','2024-04-03 16:48:24'),(782,7,159,'2023-11-30 04:23:00',1,'0','2024-02-05 00:56:45'),(783,5,157,'2024-03-24 19:18:08',1,'0','2024-03-27 18:12:00'),(784,31,156,'2023-11-04 14:49:27',1,'0','2024-03-08 04:32:34'),(785,14,158,'2023-11-04 22:17:20',1,'0','2024-03-04 15:07:22'),(786,1,159,'2024-03-15 05:02:24',1,'0','2024-04-06 15:19:45'),(787,11,158,'2024-02-03 04:35:08',1,'0','2024-03-14 10:36:52'),(788,31,158,'2024-03-20 04:08:53',1,'0','2024-04-02 16:05:53'),(789,29,156,'2023-12-27 17:26:27',1,'0','2024-02-08 15:19:26'),(790,18,156,'2023-11-22 06:34:18',1,'0','2024-03-08 10:39:46'),(791,4,158,'2024-02-04 13:20:24',1,'0','2024-02-22 01:44:47'),(792,16,156,'2024-02-06 12:29:19',1,'0','2024-03-29 16:39:54'),(793,9,156,'2024-04-01 23:10:14',1,'0','2024-04-15 23:08:14'),(794,32,159,'2023-10-21 04:21:33',1,'0','2023-11-11 23:25:17'),(795,11,159,'2024-02-20 22:50:02',1,'0','2024-02-21 14:33:35'),(796,22,158,'2024-01-12 20:43:01',1,'0','2024-02-20 14:14:11'),(797,13,158,'2024-03-23 10:50:11',1,'0','2024-03-24 11:23:31'),(798,18,157,'2023-12-17 00:54:00',1,'0','2023-12-25 11:17:46'),(799,30,159,'2023-12-29 16:34:27',1,'0','2024-03-21 15:59:32'),(800,29,156,'2023-12-30 03:10:51',1,'0','2024-01-14 15:16:36'),(801,32,159,'2024-04-14 10:44:22',1,'0','2024-04-14 16:00:48'),(802,7,156,'2024-02-14 11:22:04',1,'0','2024-03-14 17:58:43'),(803,20,159,'2024-01-03 22:53:31',1,'0','2024-03-02 00:53:27'),(804,5,156,'2024-03-12 14:50:53',1,'0','2024-04-04 04:24:05'),(805,27,156,'2024-04-11 21:49:03',1,'0','2024-04-12 18:10:58'),(806,15,158,'2024-03-18 07:48:03',1,'0','2024-03-29 23:09:00'),(807,23,157,'2023-10-07 14:01:52',1,'0','2023-10-17 20:38:49'),(808,13,156,'2023-11-17 03:25:10',1,'0','2024-01-16 12:46:24'),(809,23,158,'2023-11-29 17:26:43',1,'0','2024-04-12 10:35:25'),(810,25,158,'2023-12-08 03:50:41',1,'0','2024-04-05 07:18:46'),(811,26,159,'2024-02-15 19:10:30',1,'0','2024-04-04 10:58:50'),(812,19,157,'2024-03-07 03:57:01',1,'0','2024-04-14 17:02:03'),(813,20,156,'2023-11-20 21:49:44',1,'0','2023-12-11 06:21:38'),(814,29,156,'2024-04-04 21:13:51',1,'0','2024-04-06 01:26:27'),(815,5,158,'2023-11-15 12:39:44',1,'0','2024-01-19 23:48:40'),(816,25,156,'2023-10-17 01:41:45',1,'0','2024-01-04 21:38:54'),(817,24,156,'2024-01-27 05:52:37',1,'0','2024-03-08 02:10:56'),(818,9,157,'2023-10-26 10:51:39',1,'0','2024-04-05 23:15:38'),(819,14,158,'2023-10-21 06:16:49',1,'0','2024-02-14 08:47:20'),(820,11,159,'2024-02-06 21:06:30',1,'0','2024-03-04 12:57:57'),(821,1,156,'2024-05-09 11:59:15',1,'0','2024-05-09 11:59:34'),(822,1,156,'2024-05-09 12:04:39',1,'0','2024-05-09 12:06:01'),(823,5,156,'2024-05-09 12:05:28',1,'0','2024-05-09 12:06:00'),(824,21,156,'2024-05-09 12:05:36',1,'0','2024-05-09 12:05:41'),(825,1,156,'2024-05-09 12:35:56',1,'0','2024-05-09 12:36:25'),(826,5,156,'2024-05-09 12:36:10',1,'0','2024-05-09 12:36:32'),(827,5,156,'2024-05-09 12:47:08',1,'0','2024-05-09 19:26:34'),(828,1,156,'2024-05-09 12:47:53',1,'0','2024-05-09 19:26:32'),(829,5,156,'2024-05-09 19:26:36',1,'0','2024-05-09 21:11:19'),(830,1,156,'2024-05-09 19:26:45',1,'0','2024-05-09 21:11:17'),(831,5,156,'2024-05-09 21:11:24',1,'0','2024-05-09 21:11:36'),(832,20,156,'2024-05-09 21:11:30',1,'0','2024-05-09 21:11:36');
/*!40000 ALTER TABLE `tblatendimento` ENABLE KEYS */;
UNLOCK TABLES;

--
-- Table structure for table `tblcliente`
--

DROP TABLE IF EXISTS `tblcliente`;
/*!40101 SET @saved_cs_client     = @@character_set_client */;
/*!50503 SET character_set_client = utf8mb4 */;
CREATE TABLE `tblcliente` (
  `cliId` int NOT NULL AUTO_INCREMENT,
  `cliNome` varchar(100) NOT NULL,
  `cliCelular` varchar(15) NOT NULL,
  `cliCep` varchar(10) DEFAULT NULL,
  `cliCidade` varchar(30) DEFAULT NULL,
  `cliEstado` varchar(30) DEFAULT NULL,
  `cliRua` varchar(100) DEFAULT NULL,
  `cliNumeroRua` int DEFAULT NULL,
  `cliSexo` char(1) NOT NULL,
  `cliCpf` varchar(15) NOT NULL,
  `cliEmail` varchar(100) NOT NULL,
  `cliDataCmc` datetime DEFAULT NULL,
  `cliStatus` char(1) DEFAULT NULL,
  `cliPlano` int DEFAULT NULL,
  `cliIdAcad` int DEFAULT NULL,
  `cliSenha` varchar(200) NOT NULL,
  PRIMARY KEY (`cliId`),
  KEY `fk_cliPlano` (`cliPlano`),
  KEY `cliAcad` (`cliIdAcad`),
  CONSTRAINT `fk_cliPlano` FOREIGN KEY (`cliPlano`) REFERENCES `tblplanos` (`plaId`),
  CONSTRAINT `tblcliente_ibfk_1` FOREIGN KEY (`cliIdAcad`) REFERENCES `tblacademia` (`acaId`)
) ENGINE=InnoDB AUTO_INCREMENT=34 DEFAULT CHARSET=utf8mb4 COLLATE=utf8mb4_0900_ai_ci;
/*!40101 SET character_set_client = @saved_cs_client */;

--
-- Dumping data for table `tblcliente`
--

LOCK TABLES `tblcliente` WRITE;
/*!40000 ALTER TABLE `tblcliente` DISABLE KEYS */;
INSERT INTO `tblcliente` VALUES (1,'Yasmin','(12) 83192-7312','12520110','Guaratinguetá','SP','Rua Filadelfo Gandra Martins',10,'F','577.821.068-00','yasmin@gmail.com','2024-05-05 11:34:24','1',1,1,'$2a$14$F3aBp/2HySGNhsgs6tP8JOyboN5VQfsqjuw/9JMhyg4YGJIcotidC'),(2,'Gabriel','(91) 23809-1238','12520110','Guaratinguetá','SP','Rua Filadelfo Gandra Martins',10,'M','374.522.090-01','gabriel@gmail.com','2024-05-05 20:06:43','1',1,1,'$2a$14$BKz1ievc0zondnJUw1TtbuuEiYQ5PWEk3MF0TG539COSREf0ISXN2'),(3,'Marcos','(19) 28309-1823','12570100','Aparecida','SP','Avenida Antonio Samaha',10,'M','251.883.090-17','marcos@gmail.com','2024-05-05 20:09:24','1',1,1,'$2a$14$smdWNJ4hjNouFpa3KJzQaOGFF3n1TRjZJe1J7gfx3.Nb7eispPoMC'),(4,'Tracey Kris','53082301910','65935','Royborough','California','Libbie Neck',62,'M','5980275175','Alaina38@hotmail.com','2023-07-08 12:43:16','1',1,1,'$2a$14$F3aBp/2HySGNhsgs6tP8JOyboN5VQfsqjuw/9JMhyg4YGJIcotidC'),(5,'Amber Marvin','61354178586','19288-8616','Braunside','Oregon','Kassulke Flats',82,'M','77345065167','Fausto_Pouros@yahoo.com','2024-04-06 19:37:24','1',1,1,'$2a$14$F3aBp/2HySGNhsgs6tP8JOyboN5VQfsqjuw/9JMhyg4YGJIcotidC'),(6,'Ivan Abernathy','62150430423','49501-2037','Lake Travishaven','West Virginia','Jerde Court',44,'F','49473537481','Amir.Lemke35@gmail.com','2023-10-20 18:48:06','0',1,1,'$2a$14$F3aBp/2HySGNhsgs6tP8JOyboN5VQfsqjuw/9JMhyg4YGJIcotidC'),(7,'Loren Hessel','53501396649','12959','Rudolphmouth','South Dakota','Barton Plains',7,'M','88607119303','Rebecca_Predovic@gmail.com','2024-01-03 19:52:26','0',1,1,'$2a$14$F3aBp/2HySGNhsgs6tP8JOyboN5VQfsqjuw/9JMhyg4YGJIcotidC'),(8,'Christian Price','60360555304','23761-9326','Serenityview','Oregon','Shields Plaza',89,'M','42257094895','Tremaine.Smith@gmail.com','2023-08-15 18:26:24','0',1,1,'$2a$14$F3aBp/2HySGNhsgs6tP8JOyboN5VQfsqjuw/9JMhyg4YGJIcotidC'),(9,'Jeannie Kuhlman','70262777036','76810','Sipeschester','California','Rath Lock',73,'F','92477484210','Kennedi.Carroll@yahoo.com','2024-04-21 11:14:16','0',1,1,'$2a$14$F3aBp/2HySGNhsgs6tP8JOyboN5VQfsqjuw/9JMhyg4YGJIcotidC'),(10,'Miss Rosemarie Connelly','93833759147','48052','Elinorfort','Oklahoma','Braun Fields',15,'F','14279303932','Lauretta_Bins18@gmail.com','2023-08-30 07:10:05','1',1,1,'$2a$14$F3aBp/2HySGNhsgs6tP8JOyboN5VQfsqjuw/9JMhyg4YGJIcotidC'),(11,'Margaret Kuhn','82281995564','16444-8153','Abbeymouth','Hawaii','Reichert Plains',3,'M','10503855487','Ruben_Morissette96@hotmail.com','2024-04-20 17:04:30','1',1,1,'$2a$14$F3aBp/2HySGNhsgs6tP8JOyboN5VQfsqjuw/9JMhyg4YGJIcotidC'),(12,'Deborah Effertz','17346586845','66685-3570','Schusterbury','South Dakota','Schulist Points',65,'M','63351737568','Kira29@yahoo.com','2023-09-29 15:46:43','0',1,1,'$2a$14$F3aBp/2HySGNhsgs6tP8JOyboN5VQfsqjuw/9JMhyg4YGJIcotidC'),(13,'Dwayne Tillman','12016729218','68427-3631','Monterey Park','Utah','Gleason Forge',24,'F','25887996051','Camille20@gmail.com','2024-05-03 05:03:25','1',1,1,'$2a$14$F3aBp/2HySGNhsgs6tP8JOyboN5VQfsqjuw/9JMhyg4YGJIcotidC'),(14,'Mrs. Donald Tremblay','64467480289','41750','West Joymouth','Illinois','Luz Gateway',28,'F','66127595771','Henderson_Sporer@gmail.com','2024-04-05 16:54:36','1',1,1,'$2a$14$F3aBp/2HySGNhsgs6tP8JOyboN5VQfsqjuw/9JMhyg4YGJIcotidC'),(15,'Miss Patti Daniel','72175078676','31955-3446','West Alessandra','Louisiana','Milton Viaduct',20,'F','32577509828','Meaghan48@yahoo.com','2024-03-25 16:44:58','0',1,1,'$2a$14$F3aBp/2HySGNhsgs6tP8JOyboN5VQfsqjuw/9JMhyg4YGJIcotidC'),(16,'Stella Rogahn','84011206729','49142','Deltona','New Mexico','Johns Locks',26,'F','89068853249','Scot_Okuneva80@hotmail.com','2024-01-08 22:35:02','0',1,1,'$2a$14$F3aBp/2HySGNhsgs6tP8JOyboN5VQfsqjuw/9JMhyg4YGJIcotidC'),(17,'Mr. Sandra Trantow','43926815548','46300-1836','Bartlett','New Jersey','Federico River',66,'F','57322786073','Chad_Wintheiser@yahoo.com','2024-04-17 10:48:21','1',1,1,'$2a$14$F3aBp/2HySGNhsgs6tP8JOyboN5VQfsqjuw/9JMhyg4YGJIcotidC'),(18,'Mr. Lena Sipes','48541861586','06319-6978','Berylside','Kansas','Melvin Ramp',70,'F','89536227914','Patrick70@gmail.com','2023-06-04 09:31:58','1',1,1,'$2a$14$F3aBp/2HySGNhsgs6tP8JOyboN5VQfsqjuw/9JMhyg4YGJIcotidC'),(19,'Woodrow Roberts','52910564001','38270-2015','North Nolaside','California','Cummerata Island',50,'M','82587278005','Alexa.Rau@hotmail.com','2023-08-12 22:32:02','1',1,1,'$2a$14$F3aBp/2HySGNhsgs6tP8JOyboN5VQfsqjuw/9JMhyg4YGJIcotidC'),(20,'Carmen Schuster','63327005365','47826','West Kendrick','Iowa','Carol Via',26,'F','89709518686','Johnpaul18@hotmail.com','2023-08-16 14:13:57','1',1,1,'$2a$14$F3aBp/2HySGNhsgs6tP8JOyboN5VQfsqjuw/9JMhyg4YGJIcotidC'),(21,'Bruce Kulas','74319293443','92712','Hayward','Delaware','Greg Street',4,'M','68865302181','Millie51@gmail.com','2023-10-17 04:33:38','1',1,1,'$2a$14$F3aBp/2HySGNhsgs6tP8JOyboN5VQfsqjuw/9JMhyg4YGJIcotidC'),(22,'Vanessa Weissnat DVM','29323803610','53175-3052','Bakersfield','New Mexico','Antonetta Crescent',66,'M','26370672881','Ethel_VonRueden@hotmail.com','2023-10-24 01:43:28','0',1,1,'$2a$14$F3aBp/2HySGNhsgs6tP8JOyboN5VQfsqjuw/9JMhyg4YGJIcotidC'),(23,'Dr. Charles Leuschke','48248136509','94658-1698','Strosinview','Hawaii','Colt Parkway',61,'M','79573390632','Lenna.Jakubowski@gmail.com','2023-06-24 04:53:49','0',1,1,'$2a$14$F3aBp/2HySGNhsgs6tP8JOyboN5VQfsqjuw/9JMhyg4YGJIcotidC'),(24,'Vanessa Halvorson','61317131202','17713','Eunashire','Alabama','Franecki Street',95,'F','49907558877','Marguerite.McGlynn@yahoo.com','2024-01-29 21:35:25','0',1,1,'$2a$14$F3aBp/2HySGNhsgs6tP8JOyboN5VQfsqjuw/9JMhyg4YGJIcotidC'),(25,'Bobby McCullough','41706302459','80472','Port Aryannaview','Alaska','Beer Prairie',86,'M','37087254109','Rafael_Terry33@yahoo.com','2023-08-19 14:00:55','0',1,1,'$2a$14$F3aBp/2HySGNhsgs6tP8JOyboN5VQfsqjuw/9JMhyg4YGJIcotidC'),(26,'Mrs. Lillie Volkman','88940021418','09440-7080','Myrtismouth','Montana','Prosacco Hill',48,'M','83423961233','Barrett_Fritsch@gmail.com','2024-05-09 09:25:00','0',1,1,'$2a$14$F3aBp/2HySGNhsgs6tP8JOyboN5VQfsqjuw/9JMhyg4YGJIcotidC'),(27,'Jeremy Bins','4513792344','85014-4586','Flower Mound','Nebraska','Hyman Freeway',63,'F','5938680609','Lura80@yahoo.com','2024-01-26 05:56:30','0',1,1,'$2a$14$F3aBp/2HySGNhsgs6tP8JOyboN5VQfsqjuw/9JMhyg4YGJIcotidC'),(28,'Sadie Green','93766022287','54502-6228','Cedar Park','Wyoming','Ocie Harbor',22,'F','9194276272','Rosalee_Herman12@yahoo.com','2023-05-19 11:04:38','1',1,1,'$2a$14$F3aBp/2HySGNhsgs6tP8JOyboN5VQfsqjuw/9JMhyg4YGJIcotidC'),(29,'Chad Buckridge','93392891879','45626','New Justinemouth','Kentucky','Bailey Squares',81,'M','53616326837','Dorian18@hotmail.com','2024-04-29 11:40:10','1',1,1,'$2a$14$F3aBp/2HySGNhsgs6tP8JOyboN5VQfsqjuw/9JMhyg4YGJIcotidC'),(30,'Ryan O\'Keefe','26600886788','15930-4914','Ogden','Michigan','Concepcion Field',54,'F','51901957183','Moises_Mitchell77@yahoo.com','2023-05-21 18:40:24','1',1,1,'$2a$14$F3aBp/2HySGNhsgs6tP8JOyboN5VQfsqjuw/9JMhyg4YGJIcotidC'),(31,'Dr. Tasha O\'Conner','95883947028','35102','North Baylee','Louisiana','Arvid Forges',67,'M','67309599369','Ted_Schiller@gmail.com','2023-12-12 22:08:33','0',1,1,'$2a$14$F3aBp/2HySGNhsgs6tP8JOyboN5VQfsqjuw/9JMhyg4YGJIcotidC'),(32,'Perry Yost','1992099289','12784-3828','Deltona','Tennessee','Anne Key',30,'M','14679701696','Natasha_Donnelly@yahoo.com','2024-02-02 22:17:43','0',1,1,'$2a$14$F3aBp/2HySGNhsgs6tP8JOyboN5VQfsqjuw/9JMhyg4YGJIcotidC'),(33,'Patty Grant V','82083859760','13203','Waipahu','Ohio','O\'Conner Route',29,'M','3563886974','Alden47@yahoo.com','2024-04-20 02:30:51','0',1,1,'$2a$14$F3aBp/2HySGNhsgs6tP8JOyboN5VQfsqjuw/9JMhyg4YGJIcotidC');
/*!40000 ALTER TABLE `tblcliente` ENABLE KEYS */;
UNLOCK TABLES;

--
-- Table structure for table `tbldesempenho`
--

DROP TABLE IF EXISTS `tbldesempenho`;
/*!40101 SET @saved_cs_client     = @@character_set_client */;
/*!50503 SET character_set_client = utf8mb4 */;
CREATE TABLE `tbldesempenho` (
  `desId` int NOT NULL AUTO_INCREMENT,
  `desIdCliente` int NOT NULL,
  `desData` date DEFAULT NULL,
  `desPeso` double DEFAULT NULL,
  `desGordura` double DEFAULT NULL,
  PRIMARY KEY (`desId`),
  KEY `desIdCliente` (`desIdCliente`),
  CONSTRAINT `tbldesempenho_ibfk_1` FOREIGN KEY (`desIdCliente`) REFERENCES `tblcliente` (`cliId`)
) ENGINE=InnoDB AUTO_INCREMENT=5 DEFAULT CHARSET=utf8mb4 COLLATE=utf8mb4_0900_ai_ci;
/*!40101 SET character_set_client = @saved_cs_client */;

--
-- Dumping data for table `tbldesempenho`
--

LOCK TABLES `tbldesempenho` WRITE;
/*!40000 ALTER TABLE `tbldesempenho` DISABLE KEYS */;
INSERT INTO `tbldesempenho` VALUES (1,1,'2024-05-05',60,2),(2,1,'2024-04-05',59,1.5),(3,1,'2024-03-05',58,1.4),(4,1,'2024-02-05',52,1.2);
/*!40000 ALTER TABLE `tbldesempenho` ENABLE KEYS */;
UNLOCK TABLES;

--
-- Table structure for table `tblengajamento`
--

DROP TABLE IF EXISTS `tblengajamento`;
/*!40101 SET @saved_cs_client     = @@character_set_client */;
/*!50503 SET character_set_client = utf8mb4 */;
CREATE TABLE `tblengajamento` (
  `engId` int NOT NULL AUTO_INCREMENT,
  `engIdCliente` int DEFAULT NULL,
  `engAccessDatetime` datetime DEFAULT NULL,
  `engIdAcad` int DEFAULT NULL,
  PRIMARY KEY (`engId`),
  KEY `engIdCliente` (`engIdCliente`),
  CONSTRAINT `tblengajamento_ibfk_1` FOREIGN KEY (`engIdCliente`) REFERENCES `tblcliente` (`cliId`)
) ENGINE=InnoDB AUTO_INCREMENT=241 DEFAULT CHARSET=utf8mb4 COLLATE=utf8mb4_0900_ai_ci;
/*!40101 SET character_set_client = @saved_cs_client */;

--
-- Dumping data for table `tblengajamento`
--

LOCK TABLES `tblengajamento` WRITE;
/*!40000 ALTER TABLE `tblengajamento` DISABLE KEYS */;
INSERT INTO `tblengajamento` VALUES (3,1,'2024-05-05 11:53:13',1),(4,1,'2024-05-05 18:21:17',1),(5,1,'2024-05-05 18:26:07',1),(6,1,'2024-05-05 18:27:08',1),(7,1,'2024-05-05 18:28:53',1),(8,1,'2024-05-05 18:29:00',1),(9,1,'2024-05-05 18:29:30',1),(10,1,'2024-05-05 18:30:02',1),(11,1,'2024-05-05 18:31:16',1),(12,1,'2024-05-05 18:31:24',1),(13,1,'2024-05-05 18:48:32',1),(14,1,'2024-05-05 18:56:04',1),(15,1,'2024-05-05 19:42:54',1),(16,3,'2024-05-05 20:10:04',1),(17,1,'2024-05-05 20:10:18',1),(18,2,'2024-05-05 20:11:35',1),(19,1,'2024-05-06 08:35:03',1),(20,1,'2024-05-06 11:52:08',1),(21,1,'2024-05-06 17:03:42',1),(22,1,'2024-05-07 18:26:03',1),(23,1,'2024-05-07 18:37:34',1),(24,1,'2024-05-09 08:09:02',1),(25,1,'2024-05-09 08:28:41',1),(26,1,'2024-05-09 08:44:25',1),(27,1,'2024-05-09 09:12:13',1),(28,1,'2024-05-09 10:55:14',1),(29,1,'2024-05-09 11:22:27',1),(30,3,'2023-10-11 15:13:56',1),(31,1,'2024-03-06 02:43:31',0),(32,1,'2024-02-08 04:35:47',1),(33,2,'2023-12-28 13:55:11',0),(34,1,'2024-02-01 21:44:45',0),(35,1,'2024-02-19 15:48:30',1),(36,3,'2024-01-15 08:12:44',1),(37,2,'2024-01-14 21:52:37',1),(38,2,'2023-12-21 12:40:15',1),(39,2,'2023-12-25 15:57:13',1),(40,2,'2023-12-14 00:11:12',1),(41,1,'2024-01-03 07:34:25',0),(42,3,'2023-12-26 07:19:36',1),(43,3,'2024-01-26 21:00:32',1),(44,1,'2024-01-13 02:55:26',0),(45,3,'2023-12-13 06:58:59',0),(46,1,'2024-03-06 02:25:09',1),(47,1,'2024-03-17 19:28:06',0),(48,1,'2024-01-16 04:40:40',0),(49,3,'2024-03-02 04:25:00',0),(50,1,'2024-04-13 13:26:36',0),(51,2,'2024-02-13 08:09:26',1),(52,2,'2023-12-20 21:18:25',1),(53,1,'2023-11-28 13:56:39',1),(54,3,'2024-02-19 09:03:52',0),(55,1,'2024-03-16 17:18:32',0),(56,2,'2023-12-09 12:28:43',0),(57,2,'2024-01-19 11:46:46',0),(58,1,'2024-01-27 16:02:44',0),(59,1,'2024-02-21 00:20:59',1),(60,3,'2023-12-26 21:34:46',1),(61,1,'2024-02-26 14:37:12',1),(62,1,'2024-03-05 03:42:41',0),(63,1,'2023-12-01 21:23:52',0),(64,3,'2024-01-24 11:23:27',0),(65,2,'2023-11-02 05:45:57',1),(66,2,'2024-03-11 10:12:43',1),(67,2,'2024-02-02 04:20:02',1),(68,1,'2024-01-07 19:10:25',1),(69,2,'2024-04-02 22:12:41',0),(70,3,'2024-02-16 05:26:20',1),(71,2,'2024-03-13 07:42:17',1),(72,2,'2024-01-16 08:00:01',0),(73,3,'2023-11-14 13:27:46',1),(74,3,'2024-01-08 05:10:07',1),(75,1,'2024-03-31 12:34:09',1),(76,3,'2023-11-02 17:33:53',1),(77,3,'2024-01-05 05:35:58',0),(78,2,'2024-01-10 01:48:38',0),(79,2,'2024-02-06 00:57:34',1),(80,3,'2023-11-18 17:26:47',0),(81,3,'2024-02-28 03:44:34',0),(82,1,'2024-04-10 21:58:01',1),(83,1,'2023-12-29 13:56:02',1),(84,2,'2024-03-15 20:28:17',1),(85,1,'2024-03-06 10:33:10',1),(86,2,'2023-12-17 02:48:01',0),(87,1,'2024-01-31 21:32:57',1),(88,2,'2024-03-13 17:53:55',1),(89,3,'2024-03-19 02:24:26',0),(90,1,'2024-04-03 23:10:04',0),(91,1,'2023-11-09 16:24:23',0),(92,1,'2023-12-28 14:57:18',0),(93,3,'2023-11-14 03:22:36',1),(94,2,'2024-03-26 04:29:32',1),(95,1,'2023-11-14 15:05:56',0),(96,1,'2023-12-01 03:40:09',0),(97,2,'2024-03-19 03:10:15',0),(98,1,'2024-03-24 01:48:05',0),(99,3,'2024-02-05 15:33:15',0),(100,1,'2024-02-02 19:06:12',0),(101,2,'2024-02-20 20:43:58',1),(102,2,'2023-12-22 19:48:42',1),(103,2,'2023-10-08 08:43:07',0),(104,2,'2024-03-13 01:23:03',0),(105,3,'2024-02-26 09:47:15',1),(106,1,'2024-04-08 16:51:19',1),(107,1,'2023-12-25 09:36:00',1),(108,2,'2023-12-17 01:12:29',1),(109,1,'2024-02-27 09:33:29',0),(110,2,'2024-01-31 23:25:46',1),(111,2,'2024-04-14 09:42:09',0),(112,3,'2024-01-14 12:04:19',0),(113,1,'2023-12-30 21:58:02',0),(114,1,'2023-10-28 19:38:16',1),(115,3,'2024-02-18 16:10:54',0),(116,2,'2024-04-13 15:55:11',0),(117,2,'2024-01-26 10:17:22',1),(118,3,'2024-04-10 18:32:07',1),(119,2,'2024-04-07 13:59:32',0),(120,1,'2024-03-27 19:38:24',0),(121,1,'2024-04-14 00:44:16',1),(122,1,'2023-12-26 23:41:04',0),(123,3,'2024-01-14 19:40:14',1),(124,2,'2024-03-13 04:22:37',0),(125,1,'2024-02-15 17:06:42',1),(126,3,'2024-03-31 08:49:58',1),(127,1,'2023-12-23 22:02:35',1),(128,1,'2024-03-13 21:02:47',1),(129,2,'2024-03-25 17:30:51',0),(130,2,'2024-02-15 17:05:10',1),(131,2,'2024-02-05 07:22:35',0),(132,1,'2024-04-05 05:10:20',1),(133,1,'2024-04-15 02:00:57',0),(134,3,'2023-11-19 18:16:47',1),(135,1,'2024-02-04 01:17:13',1),(136,2,'2024-02-08 12:52:40',1),(137,2,'2024-01-18 16:24:28',0),(138,3,'2024-04-04 13:11:45',0),(139,3,'2024-03-31 14:34:00',1),(140,3,'2023-11-27 16:21:56',1),(141,3,'2024-01-24 06:08:17',0),(142,1,'2024-03-29 16:44:01',1),(143,3,'2024-03-04 05:49:42',1),(144,2,'2024-04-13 06:26:36',0),(145,3,'2024-01-01 23:10:29',0),(146,1,'2024-02-27 19:13:06',0),(147,2,'2024-03-26 07:40:30',1),(148,2,'2024-03-07 15:14:53',0),(149,1,'2024-02-20 12:37:29',0),(150,2,'2024-03-24 03:28:51',0),(151,2,'2023-12-19 07:19:04',0),(152,3,'2024-03-03 18:34:26',1),(153,2,'2023-10-31 11:00:14',0),(154,3,'2023-12-30 12:20:10',1),(155,2,'2024-03-08 18:09:26',0),(156,1,'2024-01-29 19:59:18',0),(157,1,'2023-12-23 13:27:53',1),(158,3,'2024-02-27 01:22:14',1),(159,3,'2023-12-17 18:52:35',0),(160,1,'2024-03-26 02:19:41',1),(161,3,'2024-02-14 16:57:21',1),(162,3,'2024-04-10 11:47:14',1),(163,1,'2024-03-11 08:45:40',0),(164,1,'2024-01-26 18:35:15',1),(165,1,'2023-12-07 08:10:54',1),(166,1,'2024-01-30 06:11:44',0),(167,2,'2024-03-17 00:00:31',1),(168,3,'2024-02-13 09:23:44',0),(169,3,'2023-12-25 04:49:20',1),(170,2,'2024-03-25 10:09:14',1),(171,1,'2024-03-05 15:46:23',1),(172,3,'2024-01-10 01:51:46',1),(173,3,'2023-12-19 06:43:41',1),(174,2,'2024-01-01 05:31:35',1),(175,3,'2024-01-16 18:17:26',0),(176,2,'2024-03-30 09:24:38',1),(177,2,'2023-11-22 02:35:05',0),(178,3,'2024-04-10 05:26:34',0),(179,2,'2024-01-08 23:45:23',0),(180,1,'2023-10-15 16:37:55',0),(181,3,'2023-11-16 17:05:49',0),(182,2,'2024-04-13 17:08:09',0),(183,2,'2023-12-29 12:40:24',0),(184,3,'2024-03-18 11:13:02',1),(185,2,'2024-03-08 12:07:33',1),(186,1,'2023-10-26 04:47:59',1),(187,1,'2024-01-18 12:58:00',1),(188,1,'2023-11-28 07:34:53',0),(189,2,'2024-01-08 20:27:03',0),(190,3,'2024-03-30 18:39:56',0),(191,2,'2024-02-02 05:10:03',0),(192,1,'2023-11-05 10:06:11',1),(193,1,'2023-12-22 18:07:01',0),(194,3,'2024-04-13 13:56:48',0),(195,2,'2024-03-26 06:29:54',0),(196,2,'2024-02-10 14:32:52',1),(197,1,'2024-01-29 06:14:28',1),(198,1,'2024-01-28 06:38:19',0),(199,2,'2024-02-27 00:06:18',1),(200,2,'2024-01-11 21:59:18',1),(201,3,'2023-11-04 19:31:38',0),(202,1,'2024-02-15 20:21:32',1),(203,3,'2024-01-01 07:50:29',0),(204,3,'2024-01-31 10:17:22',1),(205,2,'2024-02-29 13:00:12',0),(206,2,'2024-02-02 11:43:32',1),(207,3,'2023-12-13 04:45:33',0),(208,3,'2024-01-15 14:27:22',0),(209,1,'2024-01-04 15:16:37',0),(210,3,'2024-03-17 11:43:29',1),(211,1,'2024-01-26 13:42:00',0),(212,2,'2023-12-17 06:41:01',0),(213,1,'2024-02-23 03:06:08',1),(214,2,'2024-01-13 14:08:32',0),(215,3,'2024-03-26 05:12:30',0),(216,2,'2024-04-13 09:18:20',1),(217,2,'2024-02-21 19:07:46',1),(218,3,'2023-12-21 01:41:33',0),(219,3,'2024-04-13 10:18:01',0),(220,3,'2024-03-06 03:40:12',0),(221,1,'2024-04-05 05:59:32',1),(222,3,'2024-02-17 09:05:22',1),(223,2,'2023-12-15 04:58:41',0),(224,2,'2023-12-22 11:43:04',1),(225,2,'2024-01-07 01:45:20',1),(226,3,'2024-04-11 11:18:30',1),(227,3,'2024-03-31 01:16:30',0),(228,2,'2024-04-14 03:41:07',1),(229,1,'2024-03-02 05:33:32',1),(230,1,'2024-05-09 12:01:29',1),(231,1,'2024-05-09 12:10:11',1),(232,4,'2024-05-09 12:34:13',1),(233,5,'2024-05-09 12:34:33',1),(234,1,'2024-05-09 12:34:54',1),(235,1,'2024-05-09 12:50:27',1),(236,1,'2024-05-09 19:25:35',1),(237,1,'2024-05-09 20:17:36',1),(238,1,'2024-05-09 21:50:40',1),(239,1,'2024-05-10 09:23:52',1),(240,1,'2024-05-11 19:10:35',1);
/*!40000 ALTER TABLE `tblengajamento` ENABLE KEYS */;
UNLOCK TABLES;

--
-- Table structure for table `tblexercicios`
--

DROP TABLE IF EXISTS `tblexercicios`;
/*!40101 SET @saved_cs_client     = @@character_set_client */;
/*!50503 SET character_set_client = utf8mb4 */;
CREATE TABLE `tblexercicios` (
  `exeId` int NOT NULL AUTO_INCREMENT,
  `exeNome` varchar(100) DEFAULT NULL,
  `exeApaId` int DEFAULT NULL,
  `exeStatus` char(1) DEFAULT NULL,
  `exeIdAcad` int DEFAULT NULL,
  PRIMARY KEY (`exeId`),
  KEY `exeApaId` (`exeApaId`),
  KEY `exeIdAcad` (`exeIdAcad`),
  CONSTRAINT `tblexercicios_ibfk_1` FOREIGN KEY (`exeApaId`) REFERENCES `tblaparelhos` (`apaId`),
  CONSTRAINT `tblexercicios_ibfk_2` FOREIGN KEY (`exeIdAcad`) REFERENCES `tblacademia` (`acaId`)
) ENGINE=InnoDB AUTO_INCREMENT=13 DEFAULT CHARSET=utf8mb4 COLLATE=utf8mb4_0900_ai_ci;
/*!40101 SET character_set_client = @saved_cs_client */;

--
-- Dumping data for table `tblexercicios`
--

LOCK TABLES `tblexercicios` WRITE;
/*!40000 ALTER TABLE `tblexercicios` DISABLE KEYS */;
INSERT INTO `tblexercicios` VALUES (1,'Alongamento',1,'1',1),(2,'Flexão',1,'1',1),(3,'Leg Press',3,'1',1),(4,'Supino Reto',4,'1',1),(5,'Pulldown',5,'1',1),(6,'Rosca Direta',6,'1',1),(7,'Agachamento',7,'1',1),(8,'Tríceps na Polia',8,'1',1),(9,'Elevação Lateral',9,'1',1),(10,'Abdominal Crunch',1,'1',1),(11,'Extensão de Pernas',11,'1',1),(12,'Flexão de Pernas',12,'1',1);
/*!40000 ALTER TABLE `tblexercicios` ENABLE KEYS */;
UNLOCK TABLES;

--
-- Table structure for table `tblficha`
--

DROP TABLE IF EXISTS `tblficha`;
/*!40101 SET @saved_cs_client     = @@character_set_client */;
/*!50503 SET character_set_client = utf8mb4 */;
CREATE TABLE `tblficha` (
  `ficId` int NOT NULL AUTO_INCREMENT,
  `ficIdCliente` int NOT NULL,
  `ficIdFuncionario` int NOT NULL,
  `ficIdAcademia` int NOT NULL,
  `ficIntervalo` time DEFAULT NULL,
  `ficRestricoes` char(1) DEFAULT NULL,
  `ficTipoRestricoes` varchar(255) DEFAULT NULL,
  PRIMARY KEY (`ficId`),
  KEY `fk_acaFic` (`ficIdAcademia`),
  KEY `fk_acaCli` (`ficIdCliente`),
  KEY `fk_funfic` (`ficIdFuncionario`),
  CONSTRAINT `fk_acaCli` FOREIGN KEY (`ficIdCliente`) REFERENCES `tblcliente` (`cliId`),
  CONSTRAINT `fk_acaFic` FOREIGN KEY (`ficIdAcademia`) REFERENCES `tblacademia` (`acaId`),
  CONSTRAINT `fk_funfic` FOREIGN KEY (`ficIdFuncionario`) REFERENCES `tblfuncionario` (`funId`)
) ENGINE=InnoDB AUTO_INCREMENT=4 DEFAULT CHARSET=utf8mb4 COLLATE=utf8mb4_0900_ai_ci;
/*!40101 SET character_set_client = @saved_cs_client */;

--
-- Dumping data for table `tblficha`
--

LOCK TABLES `tblficha` WRITE;
/*!40000 ALTER TABLE `tblficha` DISABLE KEYS */;
INSERT INTO `tblficha` VALUES (1,1,157,1,'00:01:00','0',''),(2,5,157,1,'00:01:00','0',''),(3,21,157,1,'00:01:00','0','');
/*!40000 ALTER TABLE `tblficha` ENABLE KEYS */;
UNLOCK TABLES;

--
-- Table structure for table `tblfichadetalhes`
--

DROP TABLE IF EXISTS `tblfichadetalhes`;
/*!40101 SET @saved_cs_client     = @@character_set_client */;
/*!50503 SET character_set_client = utf8mb4 */;
CREATE TABLE `tblfichadetalhes` (
  `detId` int NOT NULL AUTO_INCREMENT,
  `detVariacao` varchar(50) DEFAULT NULL,
  `detCarga` varchar(50) DEFAULT NULL,
  `detSerie` varchar(10) DEFAULT NULL,
  `detRepeticao` varchar(50) DEFAULT NULL,
  `detIdFicha` int DEFAULT NULL,
  `detTreino` char(1) DEFAULT NULL,
  `detDataAdicionado` date DEFAULT NULL,
  `detStatus` int DEFAULT NULL,
  PRIMARY KEY (`detId`),
  KEY `detIdFicha` (`detIdFicha`),
  CONSTRAINT `tblfichadetalhes_ibfk_1` FOREIGN KEY (`detIdFicha`) REFERENCES `tblficha` (`ficId`)
) ENGINE=InnoDB AUTO_INCREMENT=45 DEFAULT CHARSET=utf8mb4 COLLATE=utf8mb4_0900_ai_ci;
/*!40101 SET character_set_client = @saved_cs_client */;

--
-- Dumping data for table `tblfichadetalhes`
--

LOCK TABLES `tblfichadetalhes` WRITE;
/*!40000 ALTER TABLE `tblfichadetalhes` DISABLE KEYS */;
INSERT INTO `tblfichadetalhes` VALUES (1,'Tríceps na Polia','25','3','12',1,'A','2024-05-09',1),(2,'Supino Reto','65','4','8',1,'A','2024-05-09',1),(3,'Rosca Direta','30','3','15',1,'A','2024-10-01',1),(4,'Pulldown','55','3','10',1,'B','2024-11-01',0),(5,'Leg Press','130','4','12',1,'B','2024-12-01',0),(6,'Flexão de Pernas','75','3','10',1,'B','2025-01-01',0),(7,'Flexão',NULL,'3','15',1,'C','2025-02-01',1),(8,'Extensão de Pernas','70','3','12',1,'C','2024-05-10',1),(9,'Elevação Lateral','15','4','10',1,'C','2025-04-01',1),(10,'Alongamento',NULL,NULL,NULL,1,'C','2025-05-01',1),(11,'Agachamento','95','4','10',1,'C','2025-06-01',1),(12,'Abdominal Crunch',NULL,'3','15',1,'C','2025-07-01',1),(13,'Tríceps na Polia','30','3','12',1,'A','2024-07-01',1),(14,'Supino Reto','60','4','8',1,'A','2024-08-01',1),(15,'Rosca Direta','25','3','15',1,'A','2024-05-09',1),(16,'Pulldown','50','3','10',1,'B','2024-05-09',0),(18,'Flexão de Pernas','70','3','10',1,'B','2024-05-09',1),(19,'Flexão',NULL,'3','15',1,'C','2025-01-01',1),(20,'Extensão de Pernas','60','3','12',1,'C','2025-02-01',1),(21,'Elevação Lateral','12','4','10',1,'C','2024-05-09',1),(22,'Alongamento',NULL,NULL,NULL,1,'C','2025-04-01',1),(23,'Agachamento','90','4','10',1,'C','2024-05-09',1),(24,'Abdominal Crunch',NULL,'3','15',1,'C','2025-06-01',1),(25,'Tríceps na Polia','30','3','12',2,'A','2024-07-01',1),(26,'Supino Reto','60','4','8',2,'A','2024-08-01',1),(27,'Rosca Direta','25','3','15',2,'A','2024-09-01',1),(28,'Pulldown','50','3','10',2,'B','2024-10-01',1),(29,'Leg Press','120','4','12',2,'B','2024-11-01',1),(30,'Flexão de Pernas','70','3','10',2,'B','2024-12-01',1),(31,'Flexão',NULL,'3','15',2,'C','2025-01-01',1),(32,'Extensão de Pernas','60','3','12',2,'C','2025-02-01',1),(33,'Elevação Lateral','12','4','10',2,'C','2025-03-01',1),(34,'Alongamento',NULL,NULL,NULL,2,'C','2025-04-01',1),(35,'Agachamento','90','4','10',2,'C','2025-05-01',1),(36,'Abdominal Crunch',NULL,'3','15',2,'C','2025-06-01',1),(37,'Alongamento','10','0','0',3,'A','2024-05-09',1),(38,'Flexão','0','0','0',3,'B','2024-05-09',1),(39,'Agachamento','0','0','0',3,'C','2024-05-09',1),(40,'Leg Press','20','0','0',3,'A','2024-05-09',1),(41,'Leg Press','10','0','0',3,'B','2024-05-09',1),(42,'Flexão de Pernas','10','0','0',2,'C','2024-05-09',1),(43,'Leg Press','120','0','0',1,'B','2024-05-10',0),(44,'Leg Press','130','0','0',1,'B','2024-05-11',1);
/*!40000 ALTER TABLE `tblfichadetalhes` ENABLE KEYS */;
UNLOCK TABLES;

--
-- Table structure for table `tblfuncionario`
--

DROP TABLE IF EXISTS `tblfuncionario`;
/*!40101 SET @saved_cs_client     = @@character_set_client */;
/*!50503 SET character_set_client = utf8mb4 */;
CREATE TABLE `tblfuncionario` (
  `funId` int NOT NULL AUTO_INCREMENT,
  `funNome` varchar(100) NOT NULL,
  `funCelular` varchar(15) NOT NULL,
  `funCep` varchar(10) DEFAULT NULL,
  `funCidade` varchar(30) DEFAULT NULL,
  `funEstado` varchar(30) DEFAULT NULL,
  `funRua` varchar(100) DEFAULT NULL,
  `funNumeroRua` int DEFAULT NULL,
  `funSexo` char(1) NOT NULL,
  `funCpf` varchar(15) NOT NULL,
  `funEmail` varchar(100) NOT NULL,
  `funDataCmc` datetime DEFAULT NULL,
  `funStatus` char(1) DEFAULT NULL,
  `funIdAcad` int DEFAULT NULL,
  `funSenha` varchar(200) NOT NULL,
  `funNivel` int NOT NULL,
  PRIMARY KEY (`funId`),
  KEY `funAcad` (`funIdAcad`),
  CONSTRAINT `tblfuncionario_ibfk_1` FOREIGN KEY (`funIdAcad`) REFERENCES `tblacademia` (`acaId`)
) ENGINE=InnoDB AUTO_INCREMENT=160 DEFAULT CHARSET=utf8mb4 COLLATE=utf8mb4_0900_ai_ci;
/*!40101 SET character_set_client = @saved_cs_client */;

--
-- Dumping data for table `tblfuncionario`
--

LOCK TABLES `tblfuncionario` WRITE;
/*!40000 ALTER TABLE `tblfuncionario` DISABLE KEYS */;
INSERT INTO `tblfuncionario` VALUES (1,'Binarios','12996138271','12520110','Guaratinguetá','SP','Rua lala',29,'M','577.821.068-00','equipe@gmail.com','2024-04-11 00:00:00','1',NULL,'$2a$14$81E80n5wHmsrPpgmn2jaGOUwYsT3cbPBo0R.KPVAoKlfP9Ao.Lvim',3),(155,'Rodrigo','(09) 12839-1028','12570102','Aparecida','SP','Rua Ignácio Bustamante',10,'M','696.759.500-80','rodrigo@gmail.com','2024-05-05 11:20:12','1',1,'$2a$14$BxetTB/WtqLnIrYP9hOJs.s7zHRYW1ssH6b.VatdtlRvSJyL5ROOK',2),(156,'Heitor','(12) 93819-0238','12520100','Guaratinguetá','SP','Rua José Miguel',10,'M','764.991.540-91','heitor@gmail.com','2024-05-05 11:33:50','1',1,'$2a$14$24MHxam4577I16AGjAk1Buhs8fUFenpKiDK34AWIu60lgOekvxxUa',1),(157,'Daniel','(12) 93810-2938','12520110','Guaratinguetá','SP','Rua Filadelfo Gandra Martins',10,'M','272.241.500-37','daniel@gmail.com','2024-05-05 18:50:28','1',1,'$2a$14$tX39bDCTwU5U02EYWEc0uuu5qFT/3eWA7BzNfsXH51QMY4N/5ul32',1),(158,'Professor José','(91) 02830-9128','12570100','Aparecida','SP','Avenida Antonio Samaha',10,'M','782.766.460-18','jose@gmail.com','2024-05-05 18:52:39','1',1,'$2a$14$yMj3IW7I.LuQynbTndqbduNQ8qd1.AC2uVDGZIkyDVobW7tLUM5XK',1),(159,'Marcos','(12) 83901-2839','','Goiania','SP','Rua Marcos Lorenzo',10,'M','843.386.670-28','Marcos@gmail.com','2024-05-05 18:53:44','1',1,'$2a$14$aycsi79bxcedLNvu2FRcfeXcbk/8I57IGBq3ajVZF7dsT/VE0XIrm',1);
/*!40000 ALTER TABLE `tblfuncionario` ENABLE KEYS */;
UNLOCK TABLES;

--
-- Table structure for table `tblhorarios`
--

DROP TABLE IF EXISTS `tblhorarios`;
/*!40101 SET @saved_cs_client     = @@character_set_client */;
/*!50503 SET character_set_client = utf8mb4 */;
CREATE TABLE `tblhorarios` (
  `horId` int NOT NULL AUTO_INCREMENT,
  `horInicio` time DEFAULT NULL,
  `horFim` time DEFAULT NULL,
  `horIdCliente` int DEFAULT NULL,
  `horIdAcad` int DEFAULT NULL,
  PRIMARY KEY (`horId`),
  KEY `fk_horCli` (`horIdCliente`),
  KEY `horAcad` (`horIdAcad`),
  CONSTRAINT `fk_horCli` FOREIGN KEY (`horIdCliente`) REFERENCES `tblcliente` (`cliId`),
  CONSTRAINT `tblhorarios_ibfk_1` FOREIGN KEY (`horIdAcad`) REFERENCES `tblacademia` (`acaId`)
) ENGINE=InnoDB DEFAULT CHARSET=utf8mb4 COLLATE=utf8mb4_0900_ai_ci;
/*!40101 SET character_set_client = @saved_cs_client */;

--
-- Dumping data for table `tblhorarios`
--

LOCK TABLES `tblhorarios` WRITE;
/*!40000 ALTER TABLE `tblhorarios` DISABLE KEYS */;
/*!40000 ALTER TABLE `tblhorarios` ENABLE KEYS */;
UNLOCK TABLES;

--
-- Table structure for table `tblmeta`
--

DROP TABLE IF EXISTS `tblmeta`;
/*!40101 SET @saved_cs_client     = @@character_set_client */;
/*!50503 SET character_set_client = utf8mb4 */;
CREATE TABLE `tblmeta` (
  `metId` int NOT NULL AUTO_INCREMENT,
  `metIdCliente` int DEFAULT NULL,
  `metDataCumprir` date DEFAULT NULL,
  `metStatus` char(1) DEFAULT NULL,
  `metStatusAlterar` char(1) DEFAULT NULL,
  `metIdAcad` int DEFAULT NULL,
  `metCarga` double DEFAULT NULL,
  `metIdExercicio` int DEFAULT NULL,
  PRIMARY KEY (`metId`),
  KEY `metIdCliente` (`metIdCliente`),
  KEY `metIdAcad` (`metIdAcad`),
  CONSTRAINT `tblmeta_ibfk_1` FOREIGN KEY (`metIdCliente`) REFERENCES `tblcliente` (`cliId`),
  CONSTRAINT `tblmeta_ibfk_2` FOREIGN KEY (`metIdAcad`) REFERENCES `tblacademia` (`acaId`)
) ENGINE=InnoDB AUTO_INCREMENT=5 DEFAULT CHARSET=utf8mb4 COLLATE=utf8mb4_0900_ai_ci;
/*!40101 SET character_set_client = @saved_cs_client */;

--
-- Dumping data for table `tblmeta`
--

LOCK TABLES `tblmeta` WRITE;
/*!40000 ALTER TABLE `tblmeta` DISABLE KEYS */;
INSERT INTO `tblmeta` VALUES (1,1,'2025-01-01','0','0',1,NULL,NULL),(2,1,'2025-01-01','1','0',1,20,25),(3,1,'2025-01-01','1','0',1,50,26),(4,1,'2025-01-01','1','0',1,50,27);
/*!40000 ALTER TABLE `tblmeta` ENABLE KEYS */;
UNLOCK TABLES;

--
-- Table structure for table `tblplanos`
--

DROP TABLE IF EXISTS `tblplanos`;
/*!40101 SET @saved_cs_client     = @@character_set_client */;
/*!50503 SET character_set_client = utf8mb4 */;
CREATE TABLE `tblplanos` (
  `plaId` int NOT NULL AUTO_INCREMENT,
  `plaNome` varchar(20) DEFAULT NULL,
  `plaPreco` double DEFAULT NULL,
  `plaQtdMes` int DEFAULT NULL,
  `plaIdAcad` int DEFAULT NULL,
  PRIMARY KEY (`plaId`),
  KEY `plaAcad` (`plaIdAcad`),
  CONSTRAINT `tblplanos_ibfk_1` FOREIGN KEY (`plaIdAcad`) REFERENCES `tblacademia` (`acaId`)
) ENGINE=InnoDB AUTO_INCREMENT=2 DEFAULT CHARSET=utf8mb4 COLLATE=utf8mb4_0900_ai_ci;
/*!40101 SET character_set_client = @saved_cs_client */;

--
-- Dumping data for table `tblplanos`
--

LOCK TABLES `tblplanos` WRITE;
/*!40000 ALTER TABLE `tblplanos` DISABLE KEYS */;
INSERT INTO `tblplanos` VALUES (1,'Plano Power',200,12,1);
/*!40000 ALTER TABLE `tblplanos` ENABLE KEYS */;
UNLOCK TABLES;

--
-- Table structure for table `tblplanosclientes`
--

DROP TABLE IF EXISTS `tblplanosclientes`;
/*!40101 SET @saved_cs_client     = @@character_set_client */;
/*!50503 SET character_set_client = utf8mb4 */;
CREATE TABLE `tblplanosclientes` (
  `idPlano` int DEFAULT NULL,
  `idCliente` int DEFAULT NULL,
  `status` char(1) DEFAULT NULL,
  KEY `idPlano` (`idPlano`),
  KEY `idCliente` (`idCliente`),
  CONSTRAINT `tblplanosclientes_ibfk_1` FOREIGN KEY (`idPlano`) REFERENCES `tblplanos` (`plaId`),
  CONSTRAINT `tblplanosclientes_ibfk_2` FOREIGN KEY (`idCliente`) REFERENCES `tblcliente` (`cliId`)
) ENGINE=InnoDB DEFAULT CHARSET=utf8mb4 COLLATE=utf8mb4_0900_ai_ci;
/*!40101 SET character_set_client = @saved_cs_client */;

--
-- Dumping data for table `tblplanosclientes`
--

LOCK TABLES `tblplanosclientes` WRITE;
/*!40000 ALTER TABLE `tblplanosclientes` DISABLE KEYS */;
/*!40000 ALTER TABLE `tblplanosclientes` ENABLE KEYS */;
UNLOCK TABLES;

--
-- Table structure for table `tblsatisfacao`
--

DROP TABLE IF EXISTS `tblsatisfacao`;
/*!40101 SET @saved_cs_client     = @@character_set_client */;
/*!50503 SET character_set_client = utf8mb4 */;
CREATE TABLE `tblsatisfacao` (
  `satId` int NOT NULL AUTO_INCREMENT,
  `satIdCliente` int DEFAULT NULL,
  `satIdAcademia` int DEFAULT NULL,
  `satNotaClareza` char(1) DEFAULT NULL,
  `satNotaConhecimento` char(1) DEFAULT NULL,
  `satNotaProatividade` char(1) DEFAULT NULL,
  `satNotaDisponibilidade` char(1) DEFAULT NULL,
  `satNotaSeguranca` char(1) DEFAULT NULL,
  `satIdAtendimento` int DEFAULT NULL,
  `satStatus` char(1) DEFAULT NULL,
  PRIMARY KEY (`satId`),
  KEY `satIdCliente` (`satIdCliente`),
  KEY `satIdAcademia` (`satIdAcademia`),
  KEY `satIdAtendimento` (`satIdAtendimento`),
  CONSTRAINT `tblsatisfacao_ibfk_1` FOREIGN KEY (`satIdCliente`) REFERENCES `tblcliente` (`cliId`),
  CONSTRAINT `tblsatisfacao_ibfk_3` FOREIGN KEY (`satIdAcademia`) REFERENCES `tblacademia` (`acaId`),
  CONSTRAINT `tblsatisfacao_ibfk_4` FOREIGN KEY (`satIdAtendimento`) REFERENCES `tblatendimento` (`ateId`)
) ENGINE=InnoDB AUTO_INCREMENT=713 DEFAULT CHARSET=utf8mb4 COLLATE=utf8mb4_0900_ai_ci;
/*!40101 SET character_set_client = @saved_cs_client */;

--
-- Dumping data for table `tblsatisfacao`
--

LOCK TABLES `tblsatisfacao` WRITE;
/*!40000 ALTER TABLE `tblsatisfacao` DISABLE KEYS */;
INSERT INTO `tblsatisfacao` VALUES (1,3,1,'5','4','2','5','5',94,'1'),(8,2,1,'2','1','4','4','1',311,'1'),(11,3,1,'3','5','5','5','2',75,'1'),(29,3,1,'4','3','4','3','2',130,'1'),(30,3,1,'5','2','3','2','2',9,'1'),(76,2,1,'2','3','5','4','1',311,'1'),(139,3,1,'5','4','4','3','4',130,'1'),(160,3,1,'3','5','2','3','2',311,'1'),(187,3,1,'1','3','4','3','5',140,'1'),(239,28,1,'3','4','4','5','3',70,'1'),(318,10,1,'3','5','3','2','2',309,'1'),(406,6,1,'1','3','3','2','5',162,'1'),(435,30,1,'4','4','5','1','3',133,'1'),(486,20,1,'4','2','3','4','5',75,'1'),(530,6,1,'1','3','2','2','3',140,'1'),(571,7,1,'5','1','2','1','5',94,'1'),(575,5,1,'2','1','1','3','4',70,'1'),(612,6,1,'4','1','2','5','1',311,'1'),(685,1,1,'1','5','4','1','1',105,'1'),(698,20,1,'5','2','1','2','4',75,'1'),(701,1,1,'5','1','2','4','5',821,'1'),(702,21,1,NULL,NULL,NULL,NULL,NULL,824,'0'),(703,5,1,'3','4','2','2','5',823,'1'),(704,1,1,'3','4','1','2','5',822,'1'),(705,1,1,'3','4','3','3','5',825,'1'),(706,5,1,NULL,NULL,NULL,NULL,NULL,826,'0'),(707,1,1,'5','5','5','5','5',828,'1'),(708,5,1,NULL,NULL,NULL,NULL,NULL,827,'0'),(709,1,1,'5','5','5','5','5',830,'1'),(710,5,1,NULL,NULL,NULL,NULL,NULL,829,'0'),(711,20,1,NULL,NULL,NULL,NULL,NULL,832,'0'),(712,5,1,NULL,NULL,NULL,NULL,NULL,831,'0');
/*!40000 ALTER TABLE `tblsatisfacao` ENABLE KEYS */;
UNLOCK TABLES;
/*!40103 SET TIME_ZONE=@OLD_TIME_ZONE */;

/*!40101 SET SQL_MODE=@OLD_SQL_MODE */;
/*!40014 SET FOREIGN_KEY_CHECKS=@OLD_FOREIGN_KEY_CHECKS */;
/*!40014 SET UNIQUE_CHECKS=@OLD_UNIQUE_CHECKS */;
/*!40101 SET CHARACTER_SET_CLIENT=@OLD_CHARACTER_SET_CLIENT */;
/*!40101 SET CHARACTER_SET_RESULTS=@OLD_CHARACTER_SET_RESULTS */;
/*!40101 SET COLLATION_CONNECTION=@OLD_COLLATION_CONNECTION */;
/*!40111 SET SQL_NOTES=@OLD_SQL_NOTES */;

-- Dump completed on 2024-05-12 11:10:01
